id_employee,date,points
19175,2025-12-01,15.0
19175,2025-12-04,20.0
19175,2025-12-05,27.0
19175,2025-12-08,20.0
19175,2025-12-09,12.41915742093418
19175,2025-12-12,5.0
19175,2025-12-13,15.0
19175,2025-12-16,15.0
19175,2025-12-17,13.5
19175,2025-12-20,15.0
19175,2025-12-21,15.0
19175,2025-12-24,15.0
19175,2025-12-25,5.0
19175,2025-12-28,15.0
19175,2025-12-29,27.0
19399,2025-12-02,12.5
19399,2025-12-03,15.0
19399,2025-12-06,15.0
19399,2025-12-07,15.0
19399,2025-12-10,15.0
19399,2025-12-11,11.05263157894737
19399,2025-12-13,15.0
19399,2025-12-14,15.0
19399,2025-12-15,10.0
19399,2025-12-18,15.0
19399,2025-12-19,15.0
19399,2025-12-20,15.0
19663,2025-12-01,19.12280701754386
19663,2025-12-02,10.0
19663,2025-12-03,15.0
19663,2025-12-04,30.0
19663,2025-12-05,44.75581776466733
19663,2025-12-06,32.508578652700024
19663,2025-12-07,30.0
19663,2025-12-08,10.0
19663,2025-12-09,30.0
19663,2025-12-10,32.50857865270002
19663,2025-12-11,15.809872343871797
19663,2025-12-12,29.999999999999996
19663,2025-12-13,30.0
19663,2025-12-15,20.0
19663,2025-12-16,15.11226382176637
19663,2025-12-17,30.0
19663,2025-12-18,30.398014168927983
19663,2025-12-19,30.000000000000004
19663,2025-12-22,30.0
19663,2025-12-23,30.0
19663,2025-12-24,10.0
19663,2025-12-25,23.92595742096152
19738,2025-12-01,15.610892366179016
19738,2025-12-02,27.0
19738,2025-12-03,32.41423194320811
19738,2025-12-04,30.0
19738,2025-12-05,31.354524110529166
19738,2025-12-06,19.736842105263154
19738,2025-12-07,30.999143591207538
19738,2025-12-08,10.0
19738,2025-12-09,25.54746550169891
19738,2025-12-10,42.56899732149267
19738,2025-12-11,31.92517066526246
19738,2025-12-12,22.5
19738,2025-12-13,30.0
19738,2025-12-15,32.508578652700024
19738,2025-12-16,15.0
19738,2025-12-17,30.0
19738,2025-12-18,26.6776751686057
19738,2025-12-19,34.314610800072245
19738,2025-12-22,31.214808515807697
19738,2025-12-23,30.0
19738,2025-12-24,30.61224489795918
19738,2025-12-25,28.427323803968953
19738,2025-12-26,15.0
19741,2025-12-01,15.0
19741,2025-12-02,27.0
19741,2025-12-03,15.0
19741,2025-12-04,16.61405723905724
19746,2025-12-01,15.0
19746,2025-12-02,10.0
19746,2025-12-03,22.719298245614034
19746,2025-12-04,15.0
19746,2025-12-05,27.0
19746,2025-12-06,27.0
19746,2025-12-07,27.0
19746,2025-12-08,15.0
19746,2025-12-09,15.0
19746,2025-12-10,15.0
19746,2025-12-11,15.0
19746,2025-12-12,5.0
19746,2025-12-15,15.0
19746,2025-12-16,15.0
19746,2025-12-17,15.0
19746,2025-12-18,15.0
19746,2025-12-19,5.0
19746,2025-12-22,15.0
19746,2025-12-23,5.0
19746,2025-12-24,15.0
19746,2025-12-25,10.0
19746,2025-12-26,15.0
19746,2025-12-28,15.0
19746,2025-12-29,5.0
19825,2025-12-02,12.5
19825,2025-12-03,18.50877192982456
19825,2025-12-06,20.0
19825,2025-12-07,15.0
19825,2025-12-10,27.0
19825,2025-12-11,20.0
19825,2025-12-14,27.0
19825,2025-12-15,15.0
19825,2025-12-18,27.0
19825,2025-12-19,5.0
19825,2025-12-22,15.0
19825,2025-12-23,15.0
19825,2025-12-26,5.0
19825,2025-12-27,30.0
19893,2025-12-02,20.0
19893,2025-12-03,20.0
19893,2025-12-06,27.0
19893,2025-12-07,15.0
19893,2025-12-09,10.0
19893,2025-12-10,15.0
19893,2025-12-11,5.0
19893,2025-12-14,15.0
19893,2025-12-15,15.0
19893,2025-12-16,10.0
19893,2025-12-18,27.0
19893,2025-12-19,30.0
19893,2025-12-22,30.0
19893,2025-12-23,30.0
19893,2025-12-26,20.0
19893,2025-12-27,20.0
19910,2025-12-02,20.0
19910,2025-12-03,20.0
19910,2025-12-04,15.0
19910,2025-12-06,20.0
19910,2025-12-07,20.0
19910,2025-12-08,15.0
19910,2025-12-10,27.0
19910,2025-12-11,10.0
19910,2025-12-14,15.0
19910,2025-12-15,15.0
19910,2025-12-18,27.0
19910,2025-12-19,15.0
19910,2025-12-22,10.0
19910,2025-12-23,17.526315789473685
19910,2025-12-26,15.0
19910,2025-12-27,20.0
19912,2025-12-01,15.0
19912,2025-12-02,20.0
19912,2025-12-03,23.0
19912,2025-12-05,15.0
19912,2025-12-06,20.0
19912,2025-12-07,27.0
19912,2025-12-10,27.0
19912,2025-12-11,15.0
19912,2025-12-14,10.0
19912,2025-12-15,15.0
19912,2025-12-18,15.0
19912,2025-12-19,27.0
19912,2025-12-22,27.0
19912,2025-12-23,27.0
19912,2025-12-26,27.0
19912,2025-12-27,27.0
19931,2025-12-02,20.0
19931,2025-12-03,20.0
19931,2025-12-06,15.0
19931,2025-12-07,15.0
19931,2025-12-10,15.0
19931,2025-12-11,5.0
19931,2025-12-13,15.0
19931,2025-12-14,15.0
19931,2025-12-15,15.0
19931,2025-12-18,27.0
19931,2025-12-19,15.0
19931,2025-12-20,15.0
19931,2025-12-22,15.0
19931,2025-12-23,5.0
19931,2025-12-26,20.0
19931,2025-12-27,20.0
19934,2025-12-02,27.0
19934,2025-12-03,27.0
19934,2025-12-04,27.0
19934,2025-12-06,27.0
19934,2025-12-07,27.0
19934,2025-12-10,27.0
19934,2025-12-11,27.0
19934,2025-12-12,5.0
19934,2025-12-14,27.0
19934,2025-12-15,27.0
19934,2025-12-26,27.0
19934,2025-12-27,27.0
19937,2025-12-02,27.0
19937,2025-12-03,27.0
19937,2025-12-04,27.0
19937,2025-12-06,27.0
19937,2025-12-07,27.0
19937,2025-12-08,27.0
19937,2025-12-10,27.0
19937,2025-12-11,27.0
19937,2025-12-12,5.0
19937,2025-12-14,27.0
19937,2025-12-15,10.0
19937,2025-12-18,27.0
19937,2025-12-19,84.11764705882354
19937,2025-12-22,11.887279323064464
19937,2025-12-23,20.0
19937,2025-12-26,27.0
19937,2025-12-27,15.0
19940,2025-12-01,27.0
19940,2025-12-03,27.0
19940,2025-12-04,15.0
19940,2025-12-05,15.0
19940,2025-12-08,15.0
19940,2025-12-09,15.0
19940,2025-12-12,5.0
19940,2025-12-13,5.0
19940,2025-12-16,30.0
19940,2025-12-17,30.0
19940,2025-12-18,30.0
19940,2025-12-20,17.5
19940,2025-12-21,15.0
19940,2025-12-24,30.0
19940,2025-12-25,30.624089868941127
19940,2025-12-28,10.0
19940,2025-12-29,3.7509377344336086
19945,2025-12-02,27.0
19945,2025-12-03,15.0
19945,2025-12-04,15.0
19945,2025-12-06,15.0
19945,2025-12-07,15.0
19945,2025-12-08,15.0
19945,2025-12-10,15.0
19945,2025-12-11,5.0
19945,2025-12-14,15.0
19945,2025-12-15,10.0
19945,2025-12-18,27.0
19945,2025-12-19,15.0
19945,2025-12-22,15.0
19945,2025-12-23,15.0
19945,2025-12-26,15.0
19945,2025-12-27,15.0
19958,2025-12-01,27.0
19958,2025-12-02,27.0
19958,2025-12-03,27.0
19958,2025-12-08,27.0
19958,2025-12-09,27.0
19958,2025-12-10,27.0
19958,2025-12-11,27.0
19958,2025-12-12,27.0
19958,2025-12-13,27.0
19958,2025-12-16,15.0
19958,2025-12-17,28.5
19958,2025-12-18,31.36665958028366
19958,2025-12-20,24.685212743341328
19958,2025-12-21,68.9709559530679
19958,2025-12-24,16.52699603919116
19958,2025-12-25,27.0
20145,2025-12-01,16.781619662435084
20145,2025-12-02,27.0
20145,2025-12-03,29.778861464104576
20145,2025-12-04,25.191382958261205
20145,2025-12-05,31.74745163303516
20145,2025-12-06,30.61224489795918
20145,2025-12-07,20.0
20145,2025-12-08,32.5942334243391
20145,2025-12-09,30.0
20145,2025-12-10,29.25
20145,2025-12-11,33.79627661189905
20145,2025-12-12,16.863064741499766
20145,2025-12-13,30.0
20145,2025-12-15,20.0
20145,2025-12-16,15.0
20145,2025-12-17,32.50857865270002
20145,2025-12-18,30.0
20145,2025-12-19,30.0
20145,2025-12-22,30.0
20145,2025-12-23,20.0
20145,2025-12-24,30.0
20145,2025-12-25,15.0
20145,2025-12-26,15.0
20192,2025-12-01,19.342105263157894
20192,2025-12-02,27.0
20192,2025-12-03,15.0
20192,2025-12-04,31.44482571789778
20192,2025-12-05,30.0
20192,2025-12-06,32.508578652700024
20192,2025-12-08,15.8641975308642
20192,2025-12-09,30.0
20192,2025-12-10,21.609013364452224
20192,2025-12-11,30.0
20192,2025-12-12,24.315323707498834
20192,2025-12-13,30.0
20192,2025-12-15,28.31858407079646
20192,2025-12-16,16.78917548829581
20192,2025-12-17,30.0
20192,2025-12-18,30.945392629429634
20192,2025-12-19,34.84569562880995
20192,2025-12-22,30.0
20192,2025-12-23,33.15053320745318
20192,2025-12-24,30.0
20192,2025-12-25,20.0
20192,2025-12-26,30.0
20518,2025-12-01,27.0
20518,2025-12-04,27.0
20518,2025-12-05,27.0
20518,2025-12-13,27.0
20518,2025-12-16,27.0
20518,2025-12-17,27.0
20518,2025-12-20,27.0
20518,2025-12-21,27.0
20518,2025-12-24,27.0
20518,2025-12-25,27.0
20518,2025-12-28,27.0
20518,2025-12-29,27.0
20529,2025-12-02,15.0
20529,2025-12-03,27.0
20529,2025-12-04,15.0
20529,2025-12-06,15.0
20529,2025-12-07,15.0
20529,2025-12-09,15.0
20529,2025-12-10,15.0
20529,2025-12-11,5.0
20529,2025-12-14,15.0
20529,2025-12-15,15.0
20529,2025-12-18,27.0
20529,2025-12-19,15.0
20529,2025-12-22,15.0
20529,2025-12-23,10.0
20529,2025-12-26,15.0
20529,2025-12-27,20.0
20531,2025-12-01,15.0
20531,2025-12-04,20.0
20531,2025-12-05,20.0
20531,2025-12-08,27.0
20531,2025-12-09,15.0
20531,2025-12-12,15.0
20531,2025-12-13,27.0
20531,2025-12-16,20.0
20531,2025-12-17,20.0
20531,2025-12-20,20.0
20531,2025-12-21,5.0
20531,2025-12-24,15.0
20531,2025-12-25,5.0
20531,2025-12-28,20.0
20531,2025-12-29,3.7509377344336086
20570,2025-12-02,20.0
20570,2025-12-03,15.0
20570,2025-12-04,17.18266253869969
20570,2025-12-06,20.0
20570,2025-12-07,20.0
20570,2025-12-08,15.0
20570,2025-12-10,27.0
20570,2025-12-11,15.0
20570,2025-12-14,15.0
20570,2025-12-15,19.371959310039806
20570,2025-12-18,27.0
20570,2025-12-19,15.0
20570,2025-12-22,15.0
20570,2025-12-23,10.0
20570,2025-12-26,15.0
20570,2025-12-27,30.0
20816,2025-12-01,27.0
20816,2025-12-02,27.0
20816,2025-12-04,20.408163265306122
20816,2025-12-05,20.0
20816,2025-12-06,27.0
20816,2025-12-08,21.48859543817527
20816,2025-12-09,11.857585139318886
20816,2025-12-10,20.85351787773933
20816,2025-12-12,21.608643457382954
20816,2025-12-13,27.0
20816,2025-12-14,20.0
20816,2025-12-16,27.0
20816,2025-12-17,27.0
20816,2025-12-20,27.0
20816,2025-12-21,12.5
20816,2025-12-24,10.56140350877193
20816,2025-12-25,27.0
21054,2025-12-01,27.0
21054,2025-12-03,27.0
21054,2025-12-04,27.0
21054,2025-12-05,27.0
21054,2025-12-07,27.0
21054,2025-12-08,27.0
21054,2025-12-09,27.0
21054,2025-12-12,27.0
21054,2025-12-13,27.0
21054,2025-12-16,27.0
21054,2025-12-17,27.0
21054,2025-12-20,22.875
21054,2025-12-21,27.0
21054,2025-12-24,27.0
21054,2025-12-25,27.0
21075,2025-12-01,15.0
21075,2025-12-04,15.0
21075,2025-12-05,20.0
21075,2025-12-08,27.0
21075,2025-12-09,12.312030075187968
21075,2025-12-12,30.0
21075,2025-12-13,30.0
21075,2025-12-16,30.0
21075,2025-12-17,15.0
21075,2025-12-20,15.0
21075,2025-12-21,20.0
21075,2025-12-24,20.0
21075,2025-12-25,20.0
21075,2025-12-28,20.0
21075,2025-12-29,20.0
21077,2025-12-01,20.0
21077,2025-12-02,27.0
21077,2025-12-04,27.0
21077,2025-12-05,20.0
21077,2025-12-07,27.0
21077,2025-12-08,15.0
21077,2025-12-09,15.0
21077,2025-12-12,5.0
21077,2025-12-13,15.0
21077,2025-12-16,15.0
21077,2025-12-17,14.135338345864662
21077,2025-12-20,15.0
21077,2025-12-21,15.0
21077,2025-12-24,30.0
21077,2025-12-25,30.0
21077,2025-12-28,30.0
21077,2025-12-29,27.0
21463,2025-12-01,15.0
21463,2025-12-17,15.0
21463,2025-12-20,15.0
21463,2025-12-21,15.0
21463,2025-12-24,15.0
21463,2025-12-25,10.0
21463,2025-12-28,15.0
21463,2025-12-29,27.0
21472,2025-12-01,15.0
21472,2025-12-04,20.0
21472,2025-12-05,20.0
21472,2025-12-08,20.0
21472,2025-12-09,15.0
21499,2025-12-02,27.0
21499,2025-12-04,27.0
21499,2025-12-05,27.0
21499,2025-12-07,27.0
21499,2025-12-08,27.0
21499,2025-12-09,27.0
21499,2025-12-10,27.0
21499,2025-12-11,27.0
21499,2025-12-12,27.0
21499,2025-12-14,27.0
21499,2025-12-15,27.0
21499,2025-12-16,27.0
21499,2025-12-20,27.0
21499,2025-12-21,27.0
21499,2025-12-28,27.0
21536,2025-12-01,15.0
21536,2025-12-04,20.0
21536,2025-12-05,20.0
21536,2025-12-08,27.0
21536,2025-12-09,9.946104947289452
21536,2025-12-12,15.0
21536,2025-12-13,5.0
21536,2025-12-16,15.0
21536,2025-12-17,15.0
21536,2025-12-20,15.0
21536,2025-12-21,15.0
21536,2025-12-24,15.0
21536,2025-12-25,5.0
21536,2025-12-28,15.0
21536,2025-12-29,27.0
21557,2025-12-02,27.0
21557,2025-12-03,20.0
21557,2025-12-05,15.789473684210526
21557,2025-12-06,20.0
21557,2025-12-07,20.0
21557,2025-12-09,10.0
21557,2025-12-10,27.0
21557,2025-12-11,5.0
21557,2025-12-14,30.0
21557,2025-12-15,30.0
21557,2025-12-18,20.0
21557,2025-12-19,20.0
21568,2025-12-01,27.0
21568,2025-12-04,23.0
21568,2025-12-05,27.0
21568,2025-12-08,27.0
21568,2025-12-09,27.0
21568,2025-12-12,27.0
21568,2025-12-13,27.0
21568,2025-12-16,27.0
21568,2025-12-17,27.0
21568,2025-12-20,27.0
21568,2025-12-21,27.0
21568,2025-12-24,27.0
21568,2025-12-25,25.6
21568,2025-12-28,27.0
21568,2025-12-29,27.0
21581,2025-12-01,15.0
21581,2025-12-03,27.0
21581,2025-12-04,15.0
21581,2025-12-05,15.0
21581,2025-12-06,27.0
21581,2025-12-08,27.0
21581,2025-12-09,15.0
21581,2025-12-10,15.0
21581,2025-12-11,15.0
21581,2025-12-12,5.0
21581,2025-12-13,17.472910216718265
21581,2025-12-16,5.0
21581,2025-12-17,15.0
21581,2025-12-20,15.0
21581,2025-12-21,6.471552098550953
21581,2025-12-24,15.0
21581,2025-12-25,5.0
21583,2025-12-02,20.0
21583,2025-12-03,20.0
21583,2025-12-04,15.0
21583,2025-12-06,20.0
21583,2025-12-07,15.0
21583,2025-12-08,20.0
21583,2025-12-10,27.0
21583,2025-12-11,15.0
21583,2025-12-14,27.0
21583,2025-12-15,20.0
21583,2025-12-18,15.0
21583,2025-12-19,15.0
21583,2025-12-22,15.0
21583,2025-12-23,5.0
21583,2025-12-26,20.0
21583,2025-12-27,20.0
21687,2025-12-02,27.0
21687,2025-12-03,27.0
21687,2025-12-06,20.0
21687,2025-12-07,21.20048019207683
21687,2025-12-10,10.600240096038416
21687,2025-12-11,27.0
21687,2025-12-14,27.21453287197232
21687,2025-12-15,16.238390092879257
21796,2025-12-01,27.0
21796,2025-12-03,27.0
21796,2025-12-04,15.05970809376382
21796,2025-12-05,15.0
21796,2025-12-06,27.0
21796,2025-12-08,21.627598407784166
21796,2025-12-09,27.0
21796,2025-12-12,15.0
21796,2025-12-13,5.0
21796,2025-12-14,15.0
21796,2025-12-16,15.0
21796,2025-12-17,15.0
21796,2025-12-20,15.0
21796,2025-12-21,5.0
21796,2025-12-24,15.0
21796,2025-12-25,5.0
21796,2025-12-28,15.0
21810,2025-12-02,20.0
21810,2025-12-03,20.0
21810,2025-12-05,15.0
21810,2025-12-06,20.0
21810,2025-12-07,17.124613003095973
21810,2025-12-09,15.0
21810,2025-12-10,27.0
21810,2025-12-11,15.0
21810,2025-12-14,27.0
21810,2025-12-15,20.0
21810,2025-12-18,20.0
21810,2025-12-19,20.0
21810,2025-12-22,20.0
21810,2025-12-23,15.0
21810,2025-12-26,20.0
21810,2025-12-27,20.0
21822,2025-12-01,15.0
21822,2025-12-04,27.0
21822,2025-12-05,27.0
21822,2025-12-08,27.0
21822,2025-12-09,27.0
21822,2025-12-10,27.0
21822,2025-12-12,15.0
21822,2025-12-13,15.0
21822,2025-12-16,15.0
21822,2025-12-17,15.0
21822,2025-12-20,26.962978710480762
21822,2025-12-24,30.0
21822,2025-12-25,15.333333333333332
21824,2025-12-01,26.451612903225808
21824,2025-12-02,27.0
21824,2025-12-03,26.20372338810095
21824,2025-12-04,30.0
21824,2025-12-05,3.75
21824,2025-12-06,22.484086321999687
21824,2025-12-07,24.16118887548661
21824,2025-12-08,30.0
21824,2025-12-09,20.0
21824,2025-12-10,52.01590921049861
21824,2025-12-11,31.80843106249519
21824,2025-12-12,15.0
21824,2025-12-13,30.198406798299228
21824,2025-12-22,30.0
21824,2025-12-23,33.44797215115547
21824,2025-12-24,15.0
21824,2025-12-25,30.0
21824,2025-12-26,30.0
21828,2025-12-06,15.0
21828,2025-12-07,15.0
21828,2025-12-10,14.528969482529854
21828,2025-12-11,6.152682907568995
21828,2025-12-12,15.0
21828,2025-12-15,12.85753769269385
21828,2025-12-18,27.0
21828,2025-12-19,5.0
21828,2025-12-22,15.0
21828,2025-12-23,5.0
21828,2025-12-26,5.0
21844,2025-12-02,20.0
21844,2025-12-03,20.0
21844,2025-12-04,15.0
21844,2025-12-06,20.0
21844,2025-12-07,12.631578947368421
21844,2025-12-08,20.0
21844,2025-12-10,27.0
21844,2025-12-11,12.202901915955179
21844,2025-12-26,20.0
21844,2025-12-27,20.0
21865,2025-12-09,20.0
21865,2025-12-10,30.0
21865,2025-12-11,15.0
21865,2025-12-12,30.0
21865,2025-12-15,20.0
21865,2025-12-16,30.0
21865,2025-12-22,30.0
21865,2025-12-23,30.0
21865,2025-12-24,30.61224489795918
21865,2025-12-25,15.0
21911,2025-12-01,27.0
21911,2025-12-02,27.0
21911,2025-12-04,27.0
21911,2025-12-05,27.0
21911,2025-12-08,27.0
21911,2025-12-09,27.0
21911,2025-12-12,15.0
21911,2025-12-13,15.0
21911,2025-12-16,30.0
21911,2025-12-17,31.158892128279888
21911,2025-12-20,30.0
21911,2025-12-21,30.60740425790385
21911,2025-12-24,30.0
21911,2025-12-28,19.80263157894737
21911,2025-12-29,5.0
21915,2025-12-01,27.0
21915,2025-12-03,27.0
21915,2025-12-04,20.0
21915,2025-12-05,27.0
21915,2025-12-07,27.0
21915,2025-12-08,20.0
21915,2025-12-09,27.0
21915,2025-12-12,11.931486880466473
21915,2025-12-13,10.0
21915,2025-12-16,24.666666666666664
21915,2025-12-17,24.666666666666664
21915,2025-12-20,27.0
21915,2025-12-21,5.0
21915,2025-12-24,5.0
21915,2025-12-25,5.0
21915,2025-12-28,24.666666666666664
21915,2025-12-29,5.0
21916,2025-12-01,27.0
21916,2025-12-04,15.0
21916,2025-12-05,15.0
21916,2025-12-08,15.0
21916,2025-12-09,15.0
21916,2025-12-12,5.0
21916,2025-12-13,5.0
21916,2025-12-16,20.0
21916,2025-12-17,30.0
21916,2025-12-18,30.0
21916,2025-12-20,27.72223403286057
21916,2025-12-21,15.0
21916,2025-12-24,31.51851064475962
21916,2025-12-25,30.0
21916,2025-12-28,5.0
21916,2025-12-29,5.0
21974,2025-12-01,20.0
21974,2025-12-04,15.0
21974,2025-12-05,20.0
21974,2025-12-08,20.0
21974,2025-12-09,10.523946776167724
21974,2025-12-12,5.0
21974,2025-12-13,12.272727272727273
21974,2025-12-16,30.0
21974,2025-12-17,30.0
21974,2025-12-20,5.0
21974,2025-12-21,15.0
21974,2025-12-24,20.0
21974,2025-12-25,5.0
21974,2025-12-28,30.0
21974,2025-12-29,27.0
21980,2025-12-02,20.0
21980,2025-12-03,20.0
21980,2025-12-04,15.0
21980,2025-12-06,20.0
21980,2025-12-07,15.0
21980,2025-12-08,20.0
21980,2025-12-10,27.0
21980,2025-12-11,20.0
21980,2025-12-12,5.0
21980,2025-12-14,27.0
21980,2025-12-15,20.0
21980,2025-12-18,15.0
21980,2025-12-19,15.0
21980,2025-12-22,15.0
21980,2025-12-23,5.0
21980,2025-12-26,20.0
22001,2025-12-01,5.0
22001,2025-12-04,20.0
22001,2025-12-05,20.0
22001,2025-12-08,20.0
22001,2025-12-09,15.0
22001,2025-12-12,15.0
22001,2025-12-13,15.0
22001,2025-12-16,20.0
22001,2025-12-17,20.0
22001,2025-12-20,20.0
22001,2025-12-21,15.0
22001,2025-12-24,5.0
22001,2025-12-25,5.0
22001,2025-12-28,20.0
22001,2025-12-29,5.0
22004,2025-12-02,20.0
22004,2025-12-03,20.0
22004,2025-12-04,15.0
22004,2025-12-06,20.0
22004,2025-12-07,20.0
22004,2025-12-08,15.0
22004,2025-12-10,27.0
22004,2025-12-11,15.0
22004,2025-12-14,27.0
22004,2025-12-15,15.0
22004,2025-12-18,27.0
22004,2025-12-19,15.0
22004,2025-12-22,15.0
22004,2025-12-23,15.0
22004,2025-12-26,13.900928792569658
22004,2025-12-27,20.0
22008,2025-12-01,20.0
22008,2025-12-04,20.0
22008,2025-12-05,20.0
22008,2025-12-08,27.0
22008,2025-12-09,15.0
22008,2025-12-12,15.0
22008,2025-12-13,5.0
22008,2025-12-16,20.0
22008,2025-12-17,20.0
22008,2025-12-20,20.0
22008,2025-12-21,30.0
22008,2025-12-24,30.0
22008,2025-12-25,5.0
22008,2025-12-28,20.0
22008,2025-12-29,5.0
22010,2025-12-01,27.0
22010,2025-12-04,20.0
22010,2025-12-05,20.0
22010,2025-12-08,20.0
22010,2025-12-09,27.0
22010,2025-12-12,5.0
22010,2025-12-13,5.0
22010,2025-12-16,20.0
22010,2025-12-17,20.0
22010,2025-12-20,20.0
22010,2025-12-21,5.0
22039,2025-12-01,27.0
22039,2025-12-04,20.0
22039,2025-12-05,20.0
22039,2025-12-08,20.0
22039,2025-12-09,27.0
22039,2025-12-12,15.0
22039,2025-12-13,16.367868282860186
22039,2025-12-16,20.0
22039,2025-12-17,20.0
22039,2025-12-20,20.0
22039,2025-12-21,15.0
22039,2025-12-24,14.511278195488721
22040,2025-12-02,20.0
22040,2025-12-03,20.0
22040,2025-12-04,20.0
22040,2025-12-05,27.0
22040,2025-12-06,20.0
22040,2025-12-07,10.0
22040,2025-12-08,20.0
22040,2025-12-10,27.0
22040,2025-12-11,15.0
22040,2025-12-14,27.0
22040,2025-12-15,20.0
22040,2025-12-17,15.0
22040,2025-12-18,15.0
22040,2025-12-22,15.526513207249181
22040,2025-12-23,15.0
22040,2025-12-26,24.666666666666664
22040,2025-12-27,24.666666666666664
22065,2025-12-10,15.0
22065,2025-12-14,15.0
22110,2025-12-01,15.0
22110,2025-12-02,20.0
22110,2025-12-03,20.0
22110,2025-12-05,20.0
22110,2025-12-06,20.0
22110,2025-12-07,15.0
22110,2025-12-10,27.0
22110,2025-12-11,10.0
22110,2025-12-14,27.0
22110,2025-12-15,20.0
22110,2025-12-18,21.05263157894737
22110,2025-12-19,15.0
22110,2025-12-22,15.0
22110,2025-12-23,15.0
22110,2025-12-26,20.0
22110,2025-12-27,20.0
22243,2025-12-01,30.0
22243,2025-12-02,27.0
22243,2025-12-03,15.0
22243,2025-12-10,29.25
22243,2025-12-11,15.0
22243,2025-12-12,30.0
22243,2025-12-13,30.0
22243,2025-12-14,29.98013364637891
22243,2025-12-15,20.0
22243,2025-12-16,15.0
22243,2025-12-17,32.26587077518755
22243,2025-12-18,30.0
22243,2025-12-19,30.0
22243,2025-12-22,30.0
22243,2025-12-23,30.0
22243,2025-12-24,17.333687794353306
22243,2025-12-26,30.0
22255,2025-12-01,27.0
22255,2025-12-02,27.0
22255,2025-12-03,27.0
22255,2025-12-04,18.5
22255,2025-12-05,27.0
22255,2025-12-06,27.0
22255,2025-12-08,27.0
22255,2025-12-09,21.333333333333332
22255,2025-12-10,27.0
22255,2025-12-11,27.0
22255,2025-12-12,30.0
22255,2025-12-13,27.0
22255,2025-12-14,32.508578652700024
22255,2025-12-15,27.0
22255,2025-12-16,35.843146333248946
22255,2025-12-17,32.26587077518755
22255,2025-12-18,27.0
22255,2025-12-19,27.0
22255,2025-12-20,27.0
22255,2025-12-21,27.0
22255,2025-12-22,27.0
22255,2025-12-23,27.0
22255,2025-12-24,30.0
22255,2025-12-25,30.0
22280,2025-12-01,27.0
22280,2025-12-04,15.0
22280,2025-12-05,15.0
22280,2025-12-08,15.0
22280,2025-12-09,15.0
22280,2025-12-12,5.0
22280,2025-12-13,5.0
22319,2025-12-11,4.50112528132033
22319,2025-12-12,4.50112528132033
22319,2025-12-19,5.0
22319,2025-12-23,5.0
22319,2025-12-24,4.50112528132033
22319,2025-12-25,3.0007501875468865
22387,2025-12-02,27.0
22387,2025-12-03,27.0
22387,2025-12-04,27.0
22387,2025-12-05,27.0
22387,2025-12-06,27.0
22387,2025-12-07,27.0
22387,2025-12-08,27.0
22387,2025-12-09,27.0
22387,2025-12-10,27.0
22387,2025-12-11,50.85837019939732
22387,2025-12-14,27.0
22387,2025-12-15,27.0
22387,2025-12-16,27.0
22387,2025-12-18,27.0
22387,2025-12-19,27.0
22387,2025-12-22,50.858370199397314
22387,2025-12-23,27.0
22387,2025-12-26,27.0
22387,2025-12-27,5.0
22566,2025-12-01,30.0
22566,2025-12-02,17.535131688871303
22566,2025-12-03,18.50877192982456
22566,2025-12-04,30.0
22566,2025-12-05,20.96595943335881
22566,2025-12-06,30.0
22566,2025-12-07,30.0
22566,2025-12-08,40.67632850241546
22566,2025-12-09,30.0
22566,2025-12-10,30.0
22566,2025-12-11,34.468141126908904
22566,2025-12-12,30.0
22566,2025-12-13,30.0
22566,2025-12-15,20.0
22566,2025-12-16,15.0
22566,2025-12-17,30.0
22566,2025-12-18,31.620553359683797
22566,2025-12-19,42.43302591128678
22566,2025-12-22,30.0
22566,2025-12-23,30.0
22566,2025-12-24,30.0
22566,2025-12-25,15.0
22582,2025-12-01,30.0
22582,2025-12-02,10.0
22582,2025-12-03,20.0
22582,2025-12-04,29.24693155814437
22582,2025-12-05,34.81961504981139
22582,2025-12-06,21.50375939849624
22582,2025-12-08,30.0
22582,2025-12-09,17.5
22582,2025-12-10,34.189390615670774
22582,2025-12-11,28.74566538805562
22582,2025-12-12,15.0
22582,2025-12-13,30.0
22582,2025-12-15,20.0
22582,2025-12-16,15.0
22582,2025-12-17,32.34568635026301
22582,2025-12-18,30.0
22582,2025-12-19,50.74074074074074
22582,2025-12-22,29.61021077300618
22582,2025-12-23,30.0
22582,2025-12-24,26.794255305507473
22582,2025-12-25,30.404936171935898
22582,2025-12-26,30.0
22672,2025-12-01,27.0
22672,2025-12-04,20.0
22672,2025-12-05,20.0
22672,2025-12-07,27.0
22672,2025-12-08,27.0
22672,2025-12-09,10.0
22672,2025-12-12,30.0
22672,2025-12-13,30.0
22672,2025-12-16,30.0
22672,2025-12-17,15.0
22672,2025-12-20,15.0
22672,2025-12-21,15.0
22672,2025-12-24,15.0
22672,2025-12-25,5.0
22672,2025-12-28,12.894736842105264
22672,2025-12-29,27.0
23001,2025-12-01,15.0
23001,2025-12-04,27.0
23001,2025-12-05,15.0
23001,2025-12-08,15.0
23001,2025-12-09,5.785920164251587
23001,2025-12-12,5.0
23001,2025-12-13,15.0
23001,2025-12-16,12.0
23001,2025-12-17,30.0
23001,2025-12-20,30.0
23001,2025-12-21,18.55263157894737
23001,2025-12-28,20.0
23001,2025-12-29,5.0
23022,2025-12-01,27.0
23022,2025-12-04,27.0
23022,2025-12-05,27.0
23022,2025-12-06,27.0
23022,2025-12-07,27.0
23022,2025-12-08,27.0
23022,2025-12-09,27.0
23022,2025-12-19,30.0
23022,2025-12-20,15.0
23022,2025-12-21,5.0
23022,2025-12-22,5.0
23022,2025-12-24,13.188872353995201
23022,2025-12-25,30.0
23043,2025-12-02,20.0
23043,2025-12-03,20.0
23043,2025-12-05,20.06578947368421
23043,2025-12-06,15.0
23043,2025-12-07,27.0
23043,2025-12-09,15.0
23043,2025-12-10,15.0
23043,2025-12-11,5.0
23043,2025-12-14,15.0
23043,2025-12-15,17.5
23043,2025-12-18,27.0
23043,2025-12-19,15.0
23043,2025-12-22,15.0
23043,2025-12-23,15.0
23043,2025-12-26,15.0
23043,2025-12-27,20.0
23060,2025-12-01,15.0
23060,2025-12-04,27.0
23060,2025-12-05,20.0
23060,2025-12-08,20.0
23060,2025-12-09,10.523946776167724
23060,2025-12-12,5.0
23060,2025-12-13,15.0
23060,2025-12-16,15.0
23060,2025-12-17,30.0
23060,2025-12-20,20.0
23060,2025-12-21,20.0
23060,2025-12-24,15.0
23060,2025-12-25,20.0
23060,2025-12-28,20.0
23060,2025-12-29,20.0
23077,2025-12-01,20.0
23077,2025-12-20,15.0
23077,2025-12-21,15.0
23077,2025-12-24,15.0
23077,2025-12-25,30.0
23077,2025-12-28,30.0
23077,2025-12-29,22.5
23095,2025-12-01,27.0
23095,2025-12-02,20.0
23095,2025-12-03,27.0
23095,2025-12-04,27.0
23095,2025-12-06,20.0
23095,2025-12-07,20.0
23095,2025-12-08,10.0
23095,2025-12-10,10.0
23095,2025-12-11,5.0
23095,2025-12-13,15.0
23095,2025-12-14,20.0
23095,2025-12-15,20.0
23095,2025-12-18,27.0
23095,2025-12-19,9.0
23095,2025-12-22,20.0
23095,2025-12-23,20.0
23095,2025-12-26,30.0
23095,2025-12-27,30.0
23116,2025-12-01,22.5
23116,2025-12-02,27.0
23116,2025-12-04,20.0
23116,2025-12-05,20.0
23116,2025-12-06,27.0
23116,2025-12-08,27.0
23116,2025-12-09,15.0
23116,2025-12-11,18.333333333333332
23116,2025-12-12,5.0
23116,2025-12-13,15.0
23116,2025-12-15,12.5
23116,2025-12-16,15.0
23116,2025-12-17,15.0
23116,2025-12-20,15.0
23116,2025-12-21,17.483552631578945
23116,2025-12-24,15.0
23116,2025-12-25,5.0
23147,2025-12-01,27.0
23147,2025-12-02,27.0
23147,2025-12-04,23.0
23147,2025-12-05,27.0
23147,2025-12-07,27.0
23147,2025-12-08,27.0
23147,2025-12-09,27.0
23147,2025-12-12,27.0
23147,2025-12-13,27.0
23147,2025-12-20,27.0
23147,2025-12-21,27.0
23147,2025-12-24,27.0
23147,2025-12-25,27.0
23147,2025-12-28,27.0
23147,2025-12-29,15.0
23167,2025-12-01,15.0
23167,2025-12-02,24.6
23167,2025-12-03,15.0
23167,2025-12-05,16.973684210526315
23167,2025-12-06,27.0
23167,2025-12-07,27.0
23167,2025-12-10,27.0
23167,2025-12-11,27.0
23167,2025-12-14,53.78333333333333
23167,2025-12-15,27.0
23167,2025-12-18,27.0
23167,2025-12-19,27.0
23173,2025-12-02,20.0
23173,2025-12-03,20.0
23173,2025-12-04,20.0
23173,2025-12-06,20.0
23173,2025-12-07,15.0
23176,2025-12-01,15.0
23176,2025-12-04,20.0
23176,2025-12-05,17.960526315789473
23176,2025-12-08,15.0
23176,2025-12-09,15.0
23176,2025-12-12,15.0
23176,2025-12-13,15.0
23176,2025-12-16,15.0
23176,2025-12-17,15.0
23176,2025-12-20,10.0
23176,2025-12-21,13.759398496240602
23176,2025-12-24,15.0
23176,2025-12-25,15.0
23176,2025-12-28,15.0
23176,2025-12-29,3.7509377344336086
23177,2025-12-01,15.0
23177,2025-12-02,27.0
23177,2025-12-03,20.0
23177,2025-12-04,15.0
23177,2025-12-06,20.0
23177,2025-12-07,20.0
23177,2025-12-10,27.0
23177,2025-12-11,12.5
23177,2025-12-14,27.0
23177,2025-12-15,15.0
23177,2025-12-18,30.0
23177,2025-12-19,30.0
23177,2025-12-22,15.0
23177,2025-12-23,10.0
23177,2025-12-26,18.333333333333332
23177,2025-12-27,20.0
23185,2025-12-02,27.0
23185,2025-12-03,27.0
23185,2025-12-06,27.0
23185,2025-12-07,27.0
23185,2025-12-10,27.0
23185,2025-12-11,47.71674039879464
23185,2025-12-14,27.0
23185,2025-12-15,47.71674039879464
23185,2025-12-18,27.0
23185,2025-12-19,27.0
23185,2025-12-22,47.71674039879464
23185,2025-12-23,27.0
23185,2025-12-26,27.0
23185,2025-12-27,5.0
23195,2025-12-01,27.0
23195,2025-12-02,20.0
23195,2025-12-03,27.0
23195,2025-12-04,27.0
23195,2025-12-06,20.0
23195,2025-12-07,20.0
23195,2025-12-08,11.691729323308271
23195,2025-12-10,10.0
23195,2025-12-11,5.0
23195,2025-12-13,15.0
23195,2025-12-14,30.0
23195,2025-12-15,30.0
23195,2025-12-18,27.0
23195,2025-12-19,10.5
23195,2025-12-22,5.0
23195,2025-12-23,20.0
23195,2025-12-26,30.0
23195,2025-12-27,30.0
23292,2025-12-02,20.0
23292,2025-12-03,20.0
23292,2025-12-06,15.0
23292,2025-12-07,20.0
23292,2025-12-08,15.0
23292,2025-12-10,27.0
23292,2025-12-11,5.0
23292,2025-12-12,15.0
23292,2025-12-14,20.0
23292,2025-12-15,15.0
23292,2025-12-18,27.0
23292,2025-12-19,13.75
23292,2025-12-22,27.0
23292,2025-12-23,27.0
23292,2025-12-26,27.0
23292,2025-12-27,27.0
23350,2025-12-01,19.690402476780186
23350,2025-12-09,15.0
23350,2025-12-10,15.0
23350,2025-12-11,20.0
23350,2025-12-12,4.001000250062516
23350,2025-12-15,4.50112528132033
23386,2025-12-08,27.0
23386,2025-12-09,27.0
23386,2025-12-12,21.78817072689225
23386,2025-12-13,26.33185531630577
23386,2025-12-16,27.0
23386,2025-12-17,27.0
23386,2025-12-20,47.71674039879464
23386,2025-12-21,41.43348079758928
23386,2025-12-24,27.0
23386,2025-12-25,52.429185099698664
23386,2025-12-28,5.0
23386,2025-12-29,5.0
23454,2025-12-02,15.0
23454,2025-12-03,15.0
23454,2025-12-06,15.0
23454,2025-12-07,15.0
23454,2025-12-10,27.0
23454,2025-12-11,5.0
23454,2025-12-13,5.0
23454,2025-12-14,27.0
23454,2025-12-15,15.011475654258948
23454,2025-12-18,27.0
23454,2025-12-19,30.0
23454,2025-12-22,15.0
23454,2025-12-23,30.0
23454,2025-12-26,20.154130174257833
23454,2025-12-27,11.25
23455,2025-12-02,15.0
23455,2025-12-03,15.0
23455,2025-12-06,15.0
23455,2025-12-07,15.0
23455,2025-12-10,27.0
23455,2025-12-11,5.0
23455,2025-12-13,5.0
23455,2025-12-14,27.0
23455,2025-12-15,15.0
23455,2025-12-18,27.0
23455,2025-12-19,30.0
23455,2025-12-22,9.12933166578791
23455,2025-12-23,34.67603275672108
23455,2025-12-26,18.98460821484695
23455,2025-12-27,11.90625
23748,2025-12-01,22.301587301587304
23748,2025-12-02,27.0
23748,2025-12-04,27.0
23748,2025-12-05,27.0
23748,2025-12-08,27.0
23748,2025-12-09,27.0
23748,2025-12-12,27.0
23748,2025-12-13,20.0
23748,2025-12-16,27.0
23748,2025-12-17,27.0
23748,2025-12-20,27.0
23748,2025-12-21,15.0
23748,2025-12-24,27.0
23748,2025-12-25,16.694117647058825
23748,2025-12-28,27.0
23748,2025-12-29,27.0
23750,2025-12-01,27.0
23750,2025-12-04,27.0
23750,2025-12-05,27.0
23750,2025-12-24,27.0
23750,2025-12-25,27.0
23750,2025-12-28,5.0
23750,2025-12-29,4.50112528132033
23759,2025-12-01,19.59783913565426
23759,2025-12-04,27.0
23759,2025-12-05,20.0
23759,2025-12-08,18.75988630746416
23759,2025-12-09,13.003095975232199
23759,2025-12-12,17.430340557275542
23759,2025-12-13,10.0
23759,2025-12-16,27.0
23759,2025-12-17,27.0
23759,2025-12-20,5.0
23759,2025-12-21,15.0
23759,2025-12-24,11.992481203007518
23759,2025-12-25,20.92429915514593
23759,2025-12-28,15.15625
23759,2025-12-29,27.0
23770,2025-12-01,27.0
23770,2025-12-04,8.181818181818182
23770,2025-12-05,15.0
23770,2025-12-08,15.0
23770,2025-12-09,27.0
23770,2025-12-12,3.0457614403600903
23770,2025-12-13,17.618707308406048
23770,2025-12-16,10.3125
23770,2025-12-17,6.923076923076923
23770,2025-12-20,2.308136180034622
23770,2025-12-21,15.0
23770,2025-12-24,15.0
23770,2025-12-25,9.888323750552853
23770,2025-12-28,15.0
23770,2025-12-29,2.595648912228057
23771,2025-12-01,27.0
23771,2025-12-04,27.0
23771,2025-12-05,27.0
23771,2025-12-08,27.0
23771,2025-12-09,27.0
23771,2025-12-12,21.78817072689225
23771,2025-12-13,26.33185531630577
23771,2025-12-16,27.0
23771,2025-12-17,27.0
23771,2025-12-20,41.43348079758928
23771,2025-12-21,41.43348079758928
23771,2025-12-24,27.0
23771,2025-12-25,27.0
23771,2025-12-28,5.0
23771,2025-12-29,5.0
23784,2025-12-01,15.0
23784,2025-12-04,15.0
23784,2025-12-05,15.0
23784,2025-12-08,15.0
23784,2025-12-09,15.0
23784,2025-12-12,30.0
23784,2025-12-13,15.0
23784,2025-12-16,15.0
23784,2025-12-17,15.0
23784,2025-12-20,10.0
23784,2025-12-21,15.0
23784,2025-12-24,15.0
23784,2025-12-25,10.0
23784,2025-12-28,10.0
23784,2025-12-29,15.0
23788,2025-12-01,27.0
23788,2025-12-04,27.0
23788,2025-12-05,27.0
23788,2025-12-06,27.0
23788,2025-12-08,27.0
23788,2025-12-09,27.0
23788,2025-12-12,25.424836601307188
23788,2025-12-13,10.0
23788,2025-12-16,15.0
23788,2025-12-17,27.0
23788,2025-12-20,18.86996904024768
23788,2025-12-21,27.0
23788,2025-12-24,17.44736842105263
23788,2025-12-25,27.0
23836,2025-12-02,15.0
23836,2025-12-03,15.0
23836,2025-12-04,15.0
23836,2025-12-06,15.0
23836,2025-12-07,15.0
23836,2025-12-08,15.0
23836,2025-12-10,11.5
23836,2025-12-11,5.0
23836,2025-12-14,9.987612034587595
23836,2025-12-15,5.0
23836,2025-12-16,15.0
23836,2025-12-18,27.0
23836,2025-12-19,18.796992481203006
23836,2025-12-22,15.0
23836,2025-12-23,10.0
23836,2025-12-26,15.0
23836,2025-12-27,20.0
23843,2025-12-02,10.0
23843,2025-12-03,10.0
23843,2025-12-06,14.1640866873065
23843,2025-12-07,15.0
23843,2025-12-08,15.0
23843,2025-12-10,15.0
23843,2025-12-11,10.0
23843,2025-12-14,15.0
23843,2025-12-15,10.0
23843,2025-12-16,15.0
23843,2025-12-18,15.0
23843,2025-12-19,15.0
23843,2025-12-22,15.0
23843,2025-12-23,15.0
23843,2025-12-26,15.0
23843,2025-12-27,15.0
23868,2025-12-02,20.0
23868,2025-12-03,20.0
23868,2025-12-04,19.425
23868,2025-12-06,20.0
23868,2025-12-07,20.0
23868,2025-12-08,15.0
23868,2025-12-10,27.0
23868,2025-12-11,10.0
23868,2025-12-14,27.0
23868,2025-12-15,20.0
23869,2025-12-02,27.0
23869,2025-12-03,10.0
23869,2025-12-04,15.0
23869,2025-12-06,15.0
23869,2025-12-07,15.0
23869,2025-12-08,15.0
23869,2025-12-10,15.0
23869,2025-12-11,5.0
23869,2025-12-14,15.0
23869,2025-12-15,15.0
23869,2025-12-18,27.0
23869,2025-12-19,15.0
23869,2025-12-22,12.5
23869,2025-12-23,15.0
23869,2025-12-26,15.0
23869,2025-12-27,20.0
23883,2025-12-02,30.0
23883,2025-12-03,30.0
23883,2025-12-06,27.0
23883,2025-12-07,15.0
23883,2025-12-10,27.0
23883,2025-12-11,20.0
23883,2025-12-14,27.0
23883,2025-12-15,15.0
23883,2025-12-18,27.0
23883,2025-12-19,9.660232395560191
23883,2025-12-22,15.0
23883,2025-12-23,15.0
23883,2025-12-26,5.0
23883,2025-12-27,23.333333333333332
23883,2025-12-28,5.527302878351167
23883,2025-12-29,30.0
23895,2025-12-01,30.0
23895,2025-12-02,10.0
23895,2025-12-03,15.0
23895,2025-12-04,30.0
23895,2025-12-05,22.484086321999687
23895,2025-12-07,30.0
23895,2025-12-08,39.30088495575222
23895,2025-12-09,20.0
23895,2025-12-10,44.66788131181676
23895,2025-12-11,30.303702128951922
23895,2025-12-12,15.0
23895,2025-12-14,34.26745329400197
23895,2025-12-15,20.0
23895,2025-12-16,10.940925197044098
23895,2025-12-17,30.0
23895,2025-12-18,30.0
23895,2025-12-19,30.0
23895,2025-12-22,30.0
23895,2025-12-23,30.0
23895,2025-12-24,10.0
23895,2025-12-25,30.0
23896,2025-12-02,27.0
23896,2025-12-03,27.0
23896,2025-12-06,27.0
23896,2025-12-07,27.0
23896,2025-12-10,27.0
23896,2025-12-11,47.71674039879464
23896,2025-12-13,26.33185531630577
23896,2025-12-14,27.0
23896,2025-12-15,49.287555299095985
23896,2025-12-18,27.0
23896,2025-12-19,27.0
23896,2025-12-21,41.43348079758928
23896,2025-12-22,47.71674039879464
23896,2025-12-23,27.0
23896,2025-12-26,27.0
23896,2025-12-27,5.0
23897,2025-12-01,27.0
23897,2025-12-03,27.0
23897,2025-12-04,27.0
23897,2025-12-05,27.0
23897,2025-12-08,27.0
23897,2025-12-09,27.0
23897,2025-12-10,27.0
23897,2025-12-12,5.0
23897,2025-12-13,5.0
23897,2025-12-16,15.0
23897,2025-12-17,32.76465500033269
23897,2025-12-20,28.48148935524038
23897,2025-12-21,30.60740425790385
23897,2025-12-24,20.382765916522406
23897,2025-12-25,15.843816723159073
23900,2025-12-02,20.0
23900,2025-12-03,20.0
23900,2025-12-04,15.0
23900,2025-12-06,20.0
23900,2025-12-07,15.0
23900,2025-12-08,20.0
23900,2025-12-10,27.0
23900,2025-12-11,15.0
23900,2025-12-14,27.0
23900,2025-12-15,20.0
23900,2025-12-18,27.0
23900,2025-12-19,15.0
23900,2025-12-22,9.70866245973258
23900,2025-12-23,15.0
23900,2025-12-26,20.0
23900,2025-12-27,20.0
23901,2025-12-01,15.0
23901,2025-12-03,15.0
23901,2025-12-04,20.0
23901,2025-12-05,24.978318250377075
23901,2025-12-07,27.0
23901,2025-12-08,27.0
23901,2025-12-09,27.0
23901,2025-12-12,27.0
23901,2025-12-13,10.082226438962683
23901,2025-12-16,17.763157894736842
23901,2025-12-17,15.0
23901,2025-12-20,27.0
23901,2025-12-21,27.0
23901,2025-12-24,5.0
23916,2025-12-02,20.0
23916,2025-12-03,20.0
23916,2025-12-04,15.0
23916,2025-12-06,20.0
23916,2025-12-07,20.0
23916,2025-12-08,15.0
23916,2025-12-10,10.0
23916,2025-12-11,5.0
23916,2025-12-12,15.0
23916,2025-12-14,30.0
23916,2025-12-15,30.0
23916,2025-12-16,12.9375
23916,2025-12-18,28.5
23916,2025-12-19,28.5
23916,2025-12-22,28.8
23916,2025-12-23,28.5
23922,2025-12-01,5.0
23922,2025-12-04,20.408163265306122
23922,2025-12-05,20.0
23922,2025-12-08,27.0
23922,2025-12-09,27.0
23922,2025-12-12,10.157894736842104
23922,2025-12-13,18.991477272727273
23922,2025-12-16,15.296052631578947
23922,2025-12-17,21.0
23922,2025-12-20,25.000000000000004
23922,2025-12-21,27.0
23922,2025-12-24,27.0
23922,2025-12-25,5.0
23922,2025-12-28,15.0
23922,2025-12-29,27.0
23929,2025-12-02,15.0
23929,2025-12-03,20.0
23929,2025-12-04,15.0
23929,2025-12-06,27.0
23929,2025-12-07,15.0
23929,2025-12-08,15.0
23929,2025-12-10,15.0
23929,2025-12-11,5.0
23929,2025-12-14,27.0
23929,2025-12-15,15.0
23929,2025-12-18,30.0
23929,2025-12-19,5.0
23929,2025-12-22,30.0
23929,2025-12-23,30.0
23929,2025-12-26,30.0
23929,2025-12-27,30.0
23934,2025-12-02,20.0
23934,2025-12-03,20.0
23934,2025-12-04,10.0
23934,2025-12-05,15.0
23934,2025-12-06,20.0
23934,2025-12-07,27.0
23934,2025-12-10,15.0
23934,2025-12-11,5.0
23934,2025-12-14,9.242670574764436
23934,2025-12-15,15.0
23934,2025-12-17,15.0
23934,2025-12-19,15.0
23934,2025-12-22,15.0
23934,2025-12-23,15.0
23934,2025-12-26,21.052631578947366
23934,2025-12-27,20.0
23935,2025-12-02,27.0
23935,2025-12-03,20.0
23935,2025-12-04,27.0
23935,2025-12-06,21.04744821315623
23935,2025-12-07,27.0
23935,2025-12-09,27.0
23935,2025-12-10,27.0
23935,2025-12-11,10.900360144057624
23935,2025-12-14,15.751633986928104
23935,2025-12-15,15.0
23935,2025-12-18,15.0
23935,2025-12-19,21.219723183391004
23935,2025-12-22,5.0
23935,2025-12-23,15.959752321981425
23935,2025-12-26,27.0
23935,2025-12-27,15.0
23936,2025-12-01,20.0
23936,2025-12-03,27.0
23936,2025-12-04,20.0
23936,2025-12-05,20.0
23936,2025-12-07,27.0
23936,2025-12-08,27.0
23936,2025-12-09,15.0
23936,2025-12-11,15.0
23936,2025-12-12,5.0
23936,2025-12-13,5.0
23936,2025-12-15,20.0
23936,2025-12-16,20.0
23936,2025-12-17,20.0
23936,2025-12-20,20.0
23936,2025-12-21,5.0
23936,2025-12-24,5.0
23936,2025-12-25,5.0
23969,2025-12-02,27.0
23969,2025-12-03,27.0
23969,2025-12-05,27.0
23969,2025-12-06,27.0
23969,2025-12-10,27.0
23969,2025-12-11,27.0
23969,2025-12-12,5.0
23969,2025-12-14,27.0
23969,2025-12-15,27.0
23969,2025-12-18,27.0
23969,2025-12-19,27.0
23969,2025-12-22,18.53333333333333
23969,2025-12-23,27.0
23969,2025-12-26,26.999999999999996
23969,2025-12-27,27.0
23970,2025-12-23,1.1764705882352942
23992,2025-12-01,27.0
23992,2025-12-02,27.0
23992,2025-12-03,27.0
23992,2025-12-04,27.0
23992,2025-12-06,27.0
23992,2025-12-07,27.0
23992,2025-12-10,27.0
23992,2025-12-11,50.85837019939732
23992,2025-12-12,21.78817072689225
23992,2025-12-14,27.0
23992,2025-12-15,49.287555299095985
23992,2025-12-17,27.0
23992,2025-12-18,27.0
23992,2025-12-19,27.0
23992,2025-12-20,46.1459254984933
23992,2025-12-22,47.71674039879464
23992,2025-12-23,27.0
23992,2025-12-26,27.0
23992,2025-12-27,5.0
24001,2025-12-06,23.0
24001,2025-12-07,27.0
24001,2025-12-08,23.31578947368421
24001,2025-12-10,10.384615384615385
24001,2025-12-11,27.0
24001,2025-12-14,27.0
24001,2025-12-15,28.0
24001,2025-12-17,5.0
24001,2025-12-18,17.428571428571427
24001,2025-12-19,17.428571428571427
24001,2025-12-22,14.53125
24001,2025-12-23,15.0
24001,2025-12-26,15.0
24001,2025-12-27,15.0
24130,2025-12-02,27.0
24130,2025-12-03,16.238390092879257
24130,2025-12-06,27.0
24130,2025-12-07,20.408163265306126
24130,2025-12-10,27.0
24130,2025-12-11,27.0
24130,2025-12-13,13.235294117647058
24130,2025-12-14,13.001200480192077
24130,2025-12-15,11.764705882352942
24130,2025-12-18,27.0
24130,2025-12-19,27.0
24130,2025-12-20,27.0
24130,2025-12-22,27.0
24130,2025-12-23,19.662298387096776
24130,2025-12-26,16.602736928104576
24130,2025-12-27,19.78085351787774
24220,2025-12-01,27.0
24220,2025-12-04,27.0
24220,2025-12-05,27.0
24220,2025-12-08,27.0
24220,2025-12-09,27.0
24220,2025-12-12,21.78817072689225
24220,2025-12-13,26.33185531630577
24228,2025-12-01,10.0
24228,2025-12-04,27.0
24228,2025-12-05,16.14832535885168
24228,2025-12-08,14.294117647058822
24228,2025-12-09,27.0
24228,2025-12-12,15.0
24228,2025-12-13,15.0
24228,2025-12-16,3.3758439609902475
24228,2025-12-17,15.0
24228,2025-12-20,10.0
24228,2025-12-21,15.0
24228,2025-12-24,11.029411764705884
24228,2025-12-25,5.0
24228,2025-12-28,10.526315789473683
24228,2025-12-29,7.6000000000000005
24349,2025-12-01,15.0
24349,2025-12-03,27.0
24349,2025-12-04,15.0
24349,2025-12-05,7.695709862892526
24349,2025-12-08,20.0
24349,2025-12-09,27.0
24349,2025-12-12,27.0
24349,2025-12-13,25.87470114450087
24349,2025-12-16,27.0
24349,2025-12-17,27.0
24349,2025-12-24,27.0
24349,2025-12-25,27.0
24349,2025-12-28,15.0
24349,2025-12-29,3.9478619654913727
24370,2025-12-04,20.0
24370,2025-12-05,20.0
24370,2025-12-08,20.0
24370,2025-12-12,16.471213391583188
24370,2025-12-13,16.57894736842105
24370,2025-12-16,11.419004961324365
24370,2025-12-17,15.0
24370,2025-12-20,15.0
24370,2025-12-21,15.0
24370,2025-12-24,27.0
24370,2025-12-25,5.0
24370,2025-12-28,13.125
24370,2025-12-29,20.0
24392,2025-12-02,20.0
24392,2025-12-03,27.0
24392,2025-12-04,20.0
24392,2025-12-06,20.408163265306122
24392,2025-12-07,17.96656162464986
24392,2025-12-10,12.100840336134453
24392,2025-12-11,15.0
24392,2025-12-13,15.0
24392,2025-12-14,27.0
24392,2025-12-15,19.739583333333332
24392,2025-12-18,15.0
24392,2025-12-19,27.0
24392,2025-12-22,27.0
24392,2025-12-23,27.0
24392,2025-12-26,14.349489795918366
24392,2025-12-27,13.81578947368421
24414,2025-12-02,20.0
24414,2025-12-03,20.0
24414,2025-12-06,20.0
24414,2025-12-07,15.0
24414,2025-12-10,27.0
24414,2025-12-11,5.0
24414,2025-12-14,27.0
24414,2025-12-15,20.0
24414,2025-12-18,27.0
24414,2025-12-19,15.0
24414,2025-12-22,5.0
24414,2025-12-23,15.0
24414,2025-12-24,5.0
24461,2025-12-01,27.0
24461,2025-12-03,27.0
24461,2025-12-04,20.0
24461,2025-12-05,20.0
24461,2025-12-07,27.0
24461,2025-12-08,21.608643457382954
24461,2025-12-09,23.842592592592595
24461,2025-12-12,27.0
24461,2025-12-13,12.5
24461,2025-12-16,12.799060800790905
24461,2025-12-17,15.306122448979592
24461,2025-12-20,15.0
24461,2025-12-21,15.000000000000002
24461,2025-12-24,27.0
24461,2025-12-25,27.0
24474,2025-12-01,15.0
24474,2025-12-04,15.0
24474,2025-12-05,15.0
24474,2025-12-08,15.0
24474,2025-12-09,15.0
24474,2025-12-12,15.0
24474,2025-12-13,15.0
24474,2025-12-14,15.0
24474,2025-12-16,9.333333333333334
24474,2025-12-17,10.384615384615385
24474,2025-12-19,15.0
24474,2025-12-20,15.0
24474,2025-12-21,15.0
24480,2025-12-01,17.5
24480,2025-12-04,15.0
24480,2025-12-05,27.0
24480,2025-12-08,11.176470588235293
24480,2025-12-09,12.236842105263158
24480,2025-12-12,6.152682907568995
24480,2025-12-13,15.0
24480,2025-12-16,13.806818181818183
24480,2025-12-17,15.0
24480,2025-12-20,15.0
24480,2025-12-21,5.0
24480,2025-12-24,15.0
24480,2025-12-25,5.0
24480,2025-12-28,15.0
24480,2025-12-29,5.0
24485,2025-12-01,27.0
24485,2025-12-04,15.0
24485,2025-12-05,20.0
24485,2025-12-08,20.0
24485,2025-12-09,27.0
24485,2025-12-12,9.642857142857144
24485,2025-12-13,5.0
24485,2025-12-16,10.0
24485,2025-12-17,15.0
24485,2025-12-20,15.0
24485,2025-12-21,17.708978328173373
24485,2025-12-24,15.0
24485,2025-12-25,5.0
24485,2025-12-28,15.0
24485,2025-12-29,8.682631184111816
24520,2025-12-01,27.0
24520,2025-12-04,20.0
24520,2025-12-05,27.0
24520,2025-12-08,15.0
24520,2025-12-09,5.785920164251587
24520,2025-12-12,20.0
24520,2025-12-13,20.0
24520,2025-12-16,14.53125
24520,2025-12-17,15.0
24520,2025-12-20,20.0
24520,2025-12-21,15.0
24526,2025-12-01,20.0
24526,2025-12-04,20.0
24526,2025-12-05,27.0
24526,2025-12-08,20.0
24526,2025-12-09,10.523946776167724
24526,2025-12-10,15.0
24526,2025-12-12,5.0
24526,2025-12-13,15.0
24526,2025-12-14,14.735294117647058
24526,2025-12-16,15.0
24526,2025-12-17,13.125
24526,2025-12-20,15.0
24526,2025-12-21,30.0
24526,2025-12-24,30.0
24526,2025-12-25,30.0
24530,2025-12-01,20.0
24530,2025-12-04,27.0
24530,2025-12-05,15.0
24530,2025-12-06,27.0
24530,2025-12-08,15.0
24530,2025-12-09,14.520123839009289
24530,2025-12-12,5.0
24530,2025-12-13,15.0
24530,2025-12-16,15.0
24530,2025-12-17,15.0
24530,2025-12-20,15.0
24530,2025-12-21,15.0
24530,2025-12-24,14.71875
24530,2025-12-25,5.0
24530,2025-12-28,10.495356037151701
24530,2025-12-29,10.261973388083863
24534,2025-12-02,20.0
24534,2025-12-03,20.0
24534,2025-12-05,15.0
24534,2025-12-06,27.0
24534,2025-12-07,15.0
24534,2025-12-10,10.384615384615385
24534,2025-12-11,5.0
24534,2025-12-13,15.0
24534,2025-12-23,8.6327634540214
24534,2025-12-26,13.48758242192127
24534,2025-12-27,30.0
24535,2025-12-21,15.0
24535,2025-12-22,15.0
24535,2025-12-23,15.0
24535,2025-12-26,15.0
24535,2025-12-27,15.0
24535,2025-12-28,15.0
24551,2025-12-02,15.0
24551,2025-12-03,15.0
24551,2025-12-06,15.0
24551,2025-12-07,15.0
24551,2025-12-10,15.0
24551,2025-12-11,30.0
24551,2025-12-30,15.0
24557,2025-12-01,20.0
24557,2025-12-04,16.238390092879257
24557,2025-12-05,20.0
24557,2025-12-08,27.0
24557,2025-12-09,15.261973388083863
24557,2025-12-12,30.0
24557,2025-12-13,20.0
24557,2025-12-16,20.0
24557,2025-12-17,15.0
24557,2025-12-24,13.125
24557,2025-12-25,5.0
24557,2025-12-28,13.596491228070176
24557,2025-12-29,27.0
24558,2025-12-01,27.0
24558,2025-12-02,27.0
24558,2025-12-04,27.0
24558,2025-12-05,27.0
24558,2025-12-06,20.0
24558,2025-12-08,27.0
24558,2025-12-09,15.0
24558,2025-12-12,15.0
24558,2025-12-13,5.0
24558,2025-12-16,15.57983193277311
24558,2025-12-17,5.0
24558,2025-12-21,15.0
24558,2025-12-24,15.0
24558,2025-12-25,5.0
24561,2025-12-01,27.0
24561,2025-12-02,27.0
24561,2025-12-03,27.0
24561,2025-12-05,27.0
24561,2025-12-06,27.0
24561,2025-12-07,27.0
24561,2025-12-09,15.0
24561,2025-12-10,27.0
24561,2025-12-11,27.0
24561,2025-12-13,7.892960082125795
24561,2025-12-14,27.0
24561,2025-12-15,27.0
24561,2025-12-18,27.0
24561,2025-12-19,27.0
24561,2025-12-22,27.0
24561,2025-12-23,27.0
24563,2025-12-01,27.0
24563,2025-12-02,10.0
24563,2025-12-03,10.0
24563,2025-12-04,27.0
24563,2025-12-05,15.0
24563,2025-12-06,15.0
24563,2025-12-07,15.0
24563,2025-12-09,27.0
24563,2025-12-10,15.0
24563,2025-12-11,15.0
24563,2025-12-12,15.0
24563,2025-12-13,15.0
24563,2025-12-14,27.0
24563,2025-12-15,17.5
24563,2025-12-18,27.0
24563,2025-12-19,15.0
24563,2025-12-22,5.0
24563,2025-12-23,30.0
24568,2025-12-02,10.0
24568,2025-12-03,27.0
24568,2025-12-04,15.0
24568,2025-12-06,15.0
24568,2025-12-07,15.0
24568,2025-12-08,15.0
24568,2025-12-10,27.0
24568,2025-12-11,10.0
24568,2025-12-12,15.0
24568,2025-12-14,27.0
24568,2025-12-15,5.0
24568,2025-12-16,15.0
24568,2025-12-18,16.28482972136223
24568,2025-12-19,15.0
24568,2025-12-22,15.0
24568,2025-12-23,15.0
24582,2025-12-01,15.0
24582,2025-12-02,27.0
24582,2025-12-04,20.0
24582,2025-12-05,27.0
24582,2025-12-08,20.0
24582,2025-12-09,15.261973388083863
24582,2025-12-12,5.0
24582,2025-12-13,15.0
24582,2025-12-16,15.0
24582,2025-12-17,15.0
24582,2025-12-20,15.0
24582,2025-12-21,15.0
24582,2025-12-24,15.0
24582,2025-12-25,5.0
24582,2025-12-28,15.0
24582,2025-12-29,27.0
24596,2025-12-02,20.0
24596,2025-12-03,20.0
24596,2025-12-06,27.0
24596,2025-12-07,15.0
24596,2025-12-08,15.0
24596,2025-12-10,15.0
24596,2025-12-11,5.0
24596,2025-12-12,4.688672168042011
24596,2025-12-14,27.0
24596,2025-12-15,17.5
24596,2025-12-23,15.0
24596,2025-12-26,14.4375
24596,2025-12-27,15.0
24599,2025-12-08,27.0
24599,2025-12-09,27.0
24599,2025-12-10,15.0
24599,2025-12-12,27.0
24599,2025-12-13,27.0
24599,2025-12-16,27.0
24599,2025-12-17,27.0
24599,2025-12-20,27.0
24599,2025-12-21,27.0
24599,2025-12-24,27.0
24599,2025-12-25,27.0
24599,2025-12-28,27.0
24606,2025-12-01,27.0
24606,2025-12-04,20.0
24606,2025-12-05,20.0
24606,2025-12-08,27.0
24606,2025-12-09,26.925696594427244
24606,2025-12-12,15.0
24606,2025-12-13,15.0
24606,2025-12-16,10.576441102756892
24606,2025-12-17,5.0
24606,2025-12-20,5.0
24606,2025-12-24,15.0
24606,2025-12-25,12.76804915514593
24606,2025-12-28,15.0
24606,2025-12-29,5.0
24616,2025-12-01,20.0
24616,2025-12-04,20.0
24616,2025-12-05,27.0
24616,2025-12-08,20.0
24616,2025-12-09,5.0
24616,2025-12-12,24.38458660680883
24616,2025-12-13,15.0
24616,2025-12-16,27.0
24616,2025-12-17,20.0
24616,2025-12-20,28.0
24616,2025-12-21,5.0
24616,2025-12-24,20.0
24616,2025-12-25,20.0
24616,2025-12-28,20.0
24616,2025-12-29,30.0
24618,2025-12-02,15.0
24618,2025-12-03,15.0
24618,2025-12-05,10.0
24618,2025-12-07,15.0
24618,2025-12-08,15.0
24618,2025-12-10,15.0
24618,2025-12-11,20.0
24618,2025-12-14,15.0
24618,2025-12-15,15.0
24618,2025-12-18,10.0
24618,2025-12-19,15.0
24618,2025-12-22,10.0
24618,2025-12-23,27.0
24618,2025-12-26,15.0
24618,2025-12-27,15.0
24619,2025-12-04,10.0
24619,2025-12-05,10.0
24619,2025-12-07,27.0
24619,2025-12-08,15.0
24619,2025-12-09,15.0
24619,2025-12-12,15.0
24619,2025-12-13,15.0
24619,2025-12-16,15.0
24619,2025-12-17,27.0
24619,2025-12-20,10.0
24619,2025-12-21,15.0
24619,2025-12-24,15.0
24619,2025-12-25,15.0
24619,2025-12-28,10.0
24620,2025-12-04,15.0
24620,2025-12-05,15.0
24620,2025-12-07,27.0
24620,2025-12-08,15.0
24620,2025-12-12,22.5
24620,2025-12-13,15.0
24620,2025-12-14,15.0
24620,2025-12-16,15.0
24620,2025-12-17,15.0
24620,2025-12-20,15.0
24620,2025-12-21,15.0
24620,2025-12-24,15.0
24620,2025-12-25,15.0
24620,2025-12-28,15.0
24620,2025-12-29,15.0
24621,2025-12-04,10.0
24621,2025-12-05,15.0
24621,2025-12-08,15.0
24621,2025-12-09,15.0
24621,2025-12-12,15.0
24621,2025-12-13,15.0
24621,2025-12-16,15.0
24621,2025-12-17,15.0
24621,2025-12-20,15.0
24621,2025-12-21,15.0
24621,2025-12-24,15.0
24621,2025-12-25,15.0
24621,2025-12-28,15.0
24621,2025-12-29,15.0
24622,2025-12-01,15.0
24622,2025-12-02,27.0
24622,2025-12-04,12.5
24622,2025-12-05,12.5
24622,2025-12-06,27.0
24622,2025-12-08,15.0
24622,2025-12-09,15.0
24622,2025-12-12,20.0
24622,2025-12-13,22.5
24622,2025-12-16,15.0
24622,2025-12-17,17.5
24622,2025-12-20,17.5
24622,2025-12-21,15.0
24622,2025-12-24,15.0
24622,2025-12-25,15.0
24622,2025-12-28,15.0
24622,2025-12-29,15.0
24623,2025-12-03,27.0
24623,2025-12-04,27.0
24623,2025-12-05,27.0
24623,2025-12-07,27.0
24623,2025-12-08,27.0
24623,2025-12-09,27.0
24623,2025-12-12,27.0
24623,2025-12-13,22.8
24623,2025-12-16,27.0
24623,2025-12-17,27.0
24623,2025-12-20,27.0
24623,2025-12-21,23.0
24623,2025-12-24,27.0
24623,2025-12-25,23.0
24623,2025-12-27,27.0
24623,2025-12-28,27.0
24623,2025-12-29,27.0
24624,2025-12-01,15.0
24624,2025-12-04,10.0
24624,2025-12-05,15.0
24624,2025-12-08,15.0
24624,2025-12-09,15.0
24624,2025-12-12,20.0
24624,2025-12-13,15.0
24624,2025-12-16,15.0
24624,2025-12-17,15.0
24624,2025-12-20,10.0
24624,2025-12-21,15.0
24624,2025-12-24,10.0
24624,2025-12-25,15.0
24624,2025-12-28,15.0
24624,2025-12-29,10.0
24627,2025-12-01,20.0
24627,2025-12-02,30.0
24627,2025-12-03,20.0
24627,2025-12-04,30.0
24627,2025-12-05,30.0
24627,2025-12-06,30.0
24627,2025-12-08,31.675232065576264
24627,2025-12-09,30.0
24627,2025-12-22,30.0
24627,2025-12-23,30.0
24627,2025-12-24,30.61224489795918
24627,2025-12-25,30.0
24627,2025-12-26,13.765298994745953
24627,2025-12-27,5.0
24630,2025-12-02,15.0
24630,2025-12-03,15.0
24630,2025-12-06,10.0
24630,2025-12-07,10.0
24630,2025-12-10,15.0
24630,2025-12-11,10.0
24630,2025-12-14,15.0
24630,2025-12-15,10.0
24630,2025-12-18,15.0
24630,2025-12-19,15.0
24630,2025-12-20,15.0
24630,2025-12-22,15.0
24630,2025-12-23,27.0
24630,2025-12-26,15.0
24630,2025-12-27,15.0
24631,2025-12-02,15.0
24631,2025-12-10,15.0
24631,2025-12-11,15.0
24631,2025-12-13,15.0
24631,2025-12-14,15.0
24631,2025-12-15,15.0
24631,2025-12-18,10.0
24631,2025-12-19,10.0
24631,2025-12-22,15.0
24631,2025-12-23,27.0
24631,2025-12-26,10.0
24631,2025-12-27,10.0
24632,2025-12-02,10.0
24632,2025-12-03,10.0
24632,2025-12-05,15.0
24632,2025-12-06,15.0
24632,2025-12-07,15.0
24632,2025-12-08,15.0
24632,2025-12-10,15.0
24632,2025-12-11,15.0
24632,2025-12-14,27.0
24632,2025-12-15,27.0
24632,2025-12-18,15.0
24632,2025-12-19,15.0
24632,2025-12-23,15.0
24632,2025-12-26,15.0
24633,2025-12-02,15.0
24633,2025-12-03,15.0
24633,2025-12-06,15.0
24633,2025-12-07,15.0
24633,2025-12-10,10.0
24633,2025-12-11,15.0
24634,2025-12-02,15.0
24634,2025-12-03,15.0
24634,2025-12-04,27.0
24634,2025-12-05,27.0
24634,2025-12-06,10.0
24634,2025-12-07,15.0
24634,2025-12-10,15.0
24634,2025-12-11,15.0
24634,2025-12-12,10.0
24634,2025-12-14,15.0
24634,2025-12-15,15.0
24634,2025-12-18,15.0
24634,2025-12-19,15.0
24634,2025-12-22,15.0
24634,2025-12-23,10.0
24634,2025-12-26,15.0
24634,2025-12-27,15.0
24635,2025-12-02,27.0
24635,2025-12-03,27.0
24635,2025-12-06,27.0
24635,2025-12-07,23.0
24635,2025-12-10,27.0
24635,2025-12-11,27.0
24635,2025-12-14,27.0
24635,2025-12-15,27.0
24635,2025-12-17,15.0
24635,2025-12-18,27.0
24635,2025-12-19,27.0
24635,2025-12-22,27.0
24635,2025-12-23,27.0
24635,2025-12-26,27.0
24635,2025-12-27,27.0
24635,2025-12-30,27.0
24636,2025-12-02,10.0
24636,2025-12-03,10.0
24636,2025-12-06,15.0
24636,2025-12-07,15.0
24636,2025-12-10,15.0
24636,2025-12-11,15.0
24636,2025-12-26,15.0
24636,2025-12-27,15.0
24637,2025-12-02,27.0
24637,2025-12-03,27.0
24637,2025-12-04,27.0
24637,2025-12-05,27.0
24637,2025-12-06,27.0
24637,2025-12-10,27.0
24637,2025-12-11,27.0
24637,2025-12-14,27.0
24637,2025-12-15,27.0
24637,2025-12-17,15.0
24637,2025-12-18,27.0
24637,2025-12-19,27.0
24637,2025-12-22,27.0
24637,2025-12-23,27.0
24637,2025-12-26,21.333333333333332
24637,2025-12-27,23.0
24637,2025-12-30,27.0
24644,2025-12-02,10.0
24644,2025-12-03,10.0
24644,2025-12-06,15.0
24644,2025-12-07,15.0
24644,2025-12-10,15.0
24644,2025-12-11,15.0
24644,2025-12-12,15.0
24644,2025-12-14,27.0
24644,2025-12-15,27.0
24644,2025-12-18,10.0
24644,2025-12-19,10.0
24644,2025-12-22,10.0
24644,2025-12-23,15.0
24644,2025-12-26,15.0
24645,2025-12-02,15.0
24645,2025-12-03,15.0
24645,2025-12-06,15.0
24645,2025-12-07,15.0
24645,2025-12-10,10.0
24645,2025-12-18,15.0
24645,2025-12-19,15.0
24645,2025-12-22,10.0
24645,2025-12-23,10.0
24645,2025-12-26,15.0
24645,2025-12-27,15.0
24645,2025-12-28,15.0
24646,2025-12-01,15.0
24646,2025-12-04,15.0
24646,2025-12-05,10.0
24646,2025-12-06,27.0
24646,2025-12-08,15.0
24646,2025-12-16,15.0
24646,2025-12-17,15.0
24646,2025-12-20,15.0
24646,2025-12-21,10.0
24646,2025-12-28,15.0
24646,2025-12-29,10.0
24647,2025-12-01,10.0
24647,2025-12-04,15.0
24647,2025-12-05,10.0
24647,2025-12-08,15.0
24647,2025-12-09,10.0
24647,2025-12-12,20.0
24647,2025-12-13,15.0
24647,2025-12-16,10.0
24647,2025-12-17,20.0
24647,2025-12-20,20.0
24647,2025-12-21,15.0
24647,2025-12-24,15.0
24647,2025-12-25,10.0
24647,2025-12-28,15.0
24647,2025-12-29,10.0
24648,2025-12-03,15.0
24648,2025-12-06,15.0
24648,2025-12-07,15.0
24648,2025-12-10,15.0
24648,2025-12-11,15.0
24648,2025-12-14,20.0
24648,2025-12-15,20.0
24648,2025-12-18,15.0
24648,2025-12-19,10.0
24649,2025-12-02,15.0
24649,2025-12-03,15.0
24649,2025-12-06,15.0
24649,2025-12-07,15.0
24649,2025-12-08,15.0
24649,2025-12-10,15.0
24649,2025-12-11,20.0
24649,2025-12-14,22.5
24649,2025-12-15,15.0
24649,2025-12-18,15.0
24649,2025-12-19,15.0
24649,2025-12-22,15.0
24649,2025-12-23,15.0
24649,2025-12-27,15.0
24649,2025-12-29,15.0
24656,2025-12-04,15.0
24656,2025-12-05,15.0
24656,2025-12-08,15.0
24656,2025-12-09,15.0
24656,2025-12-12,15.0
24656,2025-12-13,15.0
24656,2025-12-16,15.0
24656,2025-12-17,15.0
24656,2025-12-20,15.0
24657,2025-12-01,10.0
24657,2025-12-03,27.0
24657,2025-12-04,15.0
24657,2025-12-05,15.0
24657,2025-12-07,27.0
24657,2025-12-08,15.0
24657,2025-12-09,15.0
24657,2025-12-12,15.0
24657,2025-12-13,15.0
24657,2025-12-16,15.0
24657,2025-12-17,10.0
24657,2025-12-20,27.0
24657,2025-12-21,15.0
24657,2025-12-24,10.0
24657,2025-12-25,15.0
24657,2025-12-28,15.0
24657,2025-12-29,10.0
24661,2025-12-02,15.0
24661,2025-12-03,15.0
24661,2025-12-04,27.0
24661,2025-12-06,15.0
24661,2025-12-07,15.0
24661,2025-12-08,27.0
24661,2025-12-10,27.0
24661,2025-12-11,27.0
24661,2025-12-14,27.0
24661,2025-12-15,12.747875354107649
24661,2025-12-18,27.0
24661,2025-12-19,15.0
24661,2025-12-22,5.0
24661,2025-12-23,20.0
24661,2025-12-26,27.915507426837497
24661,2025-12-27,10.261973388083863
24663,2025-12-07,14.285714285714285
24663,2025-12-08,15.0
24663,2025-12-10,10.0
24663,2025-12-11,11.5
24663,2025-12-12,4.126031507876969
24663,2025-12-14,7.25
24663,2025-12-15,15.0
24663,2025-12-26,5.0
24663,2025-12-27,15.0
24664,2025-12-02,16.570069204152247
24664,2025-12-03,15.0
24664,2025-12-04,12.5
24664,2025-12-06,19.80792316926771
24664,2025-12-07,20.408163265306122
24664,2025-12-09,27.0
24664,2025-12-10,11.200480192076832
24664,2025-12-14,10.600240096038416
24664,2025-12-15,27.0
24664,2025-12-18,27.0
24664,2025-12-19,15.0
24664,2025-12-22,27.0
24664,2025-12-23,30.609861591695502
24664,2025-12-26,27.0
24664,2025-12-27,27.0
24666,2025-12-01,15.063854489164086
24666,2025-12-04,20.0
24666,2025-12-05,20.0
24666,2025-12-08,21.608643457382954
24666,2025-12-09,14.3343653250774
24666,2025-12-12,27.0
24666,2025-12-13,27.0
24666,2025-12-16,8.49513489606369
24666,2025-12-17,14.57516339869281
24666,2025-12-20,27.0
24666,2025-12-21,15.0
24666,2025-12-24,15.0
24666,2025-12-25,27.0
24666,2025-12-28,15.0
24666,2025-12-29,12.461300309597522
24667,2025-12-01,18.381071382801487
24667,2025-12-02,30.0
24667,2025-12-03,11.97349792329148
24667,2025-12-04,30.0
24667,2025-12-05,28.987659570160254
24667,2025-12-07,24.80285045297481
24667,2025-12-08,30.0
24667,2025-12-09,20.0
24667,2025-12-10,48.699604743083
24667,2025-12-11,30.0
24667,2025-12-12,15.0
24667,2025-12-14,30.0
24667,2025-12-15,29.618927216904467
24667,2025-12-16,15.0
24667,2025-12-17,30.0
24667,2025-12-18,30.0
24667,2025-12-19,85.83550234252994
24667,2025-12-25,15.0
24667,2025-12-26,30.0
24668,2025-12-01,8.0
24668,2025-12-04,12.68421052631579
24668,2025-12-05,15.0
24668,2025-12-08,10.577915376676987
24668,2025-12-09,12.631578947368421
24668,2025-12-10,10.0
24668,2025-12-12,15.0
24668,2025-12-13,15.0
24668,2025-12-16,15.0
24668,2025-12-20,4.50112528132033
24668,2025-12-21,15.0
24668,2025-12-24,15.0
24668,2025-12-25,5.0
24669,2025-12-01,17.311827956989248
24669,2025-12-02,108.33333333333334
24669,2025-12-03,20.0
24669,2025-12-04,30.0
24669,2025-12-05,22.396311180786412
24669,2025-12-06,30.0
24669,2025-12-08,14.533333333333333
24669,2025-12-09,30.0
24669,2025-12-10,37.530973451327434
24669,2025-12-11,15.0
24669,2025-12-12,30.0
24669,2025-12-13,23.321198252548367
24669,2025-12-15,20.0
24669,2025-12-16,15.0
24669,2025-12-17,30.0
24669,2025-12-18,30.0
24669,2025-12-19,33.022142296502544
24669,2025-12-22,30.0
24669,2025-12-23,19.727891156462587
24669,2025-12-24,30.0
24669,2025-12-25,15.0
24669,2025-12-26,30.0
24674,2025-12-01,27.0
24674,2025-12-04,27.0
24674,2025-12-05,27.0
24674,2025-12-08,27.0
24674,2025-12-09,27.0
24674,2025-12-12,27.0
24674,2025-12-13,22.8
24674,2025-12-16,27.0
24674,2025-12-17,27.0
24674,2025-12-20,27.0
24674,2025-12-21,23.0
24674,2025-12-24,27.0
24674,2025-12-25,23.0
24674,2025-12-26,15.0
24674,2025-12-28,27.0
24674,2025-12-29,27.0
24675,2025-12-01,10.0
24675,2025-12-04,15.0
24675,2025-12-05,15.0
24675,2025-12-08,15.0
24675,2025-12-09,15.0
24675,2025-12-12,15.0
24675,2025-12-13,15.0
24675,2025-12-16,15.0
24675,2025-12-17,10.0
24675,2025-12-20,15.0
24675,2025-12-21,10.0
24675,2025-12-24,15.0
24675,2025-12-25,15.0
24679,2025-12-01,15.0
24679,2025-12-04,10.0
24679,2025-12-05,15.0
24679,2025-12-08,10.0
24679,2025-12-09,15.0
24679,2025-12-12,30.0
24679,2025-12-13,15.0
24679,2025-12-16,15.0
24679,2025-12-17,15.0
24679,2025-12-20,10.0
24679,2025-12-21,15.0
24679,2025-12-24,15.0
24679,2025-12-25,15.0
24679,2025-12-28,15.0
24679,2025-12-29,10.0
24680,2025-12-02,15.0
24680,2025-12-03,15.0
24680,2025-12-06,15.0
24680,2025-12-07,15.0
24680,2025-12-10,15.0
24680,2025-12-11,30.0
24680,2025-12-12,30.0
24680,2025-12-15,15.0
24680,2025-12-18,15.0
24680,2025-12-19,15.0
24680,2025-12-22,15.0
24680,2025-12-23,15.0
24680,2025-12-26,15.0
24680,2025-12-27,15.0
24681,2025-12-02,15.0
24681,2025-12-03,15.0
24681,2025-12-06,15.0
24681,2025-12-07,15.0
24681,2025-12-10,15.0
24681,2025-12-11,15.0
24681,2025-12-14,20.0
24681,2025-12-15,20.0
24681,2025-12-18,15.0
24681,2025-12-22,15.0
24681,2025-12-23,15.0
24681,2025-12-26,10.0
24681,2025-12-27,15.0
24683,2025-12-03,15.0
24683,2025-12-04,10.0
24683,2025-12-06,15.0
24683,2025-12-07,15.0
24683,2025-12-08,15.0
24683,2025-12-10,15.0
24683,2025-12-11,20.0
24683,2025-12-14,15.0
24683,2025-12-15,15.0
24683,2025-12-18,15.0
24683,2025-12-19,10.0
24683,2025-12-22,15.0
24683,2025-12-23,10.0
24683,2025-12-26,15.0
24683,2025-12-27,15.0
24684,2025-12-02,15.0
24684,2025-12-03,15.0
24684,2025-12-06,15.0
24684,2025-12-07,15.0
24684,2025-12-10,15.0
24684,2025-12-11,15.0
24684,2025-12-14,15.0
24684,2025-12-15,15.0
24684,2025-12-18,15.0
24684,2025-12-19,15.0
24684,2025-12-22,10.0
24684,2025-12-23,15.0
24684,2025-12-26,15.0
24684,2025-12-27,15.0
24694,2025-12-01,15.0
24694,2025-12-04,27.0
24694,2025-12-05,27.0
24694,2025-12-08,27.0
24694,2025-12-09,27.0
24694,2025-12-12,5.0
24694,2025-12-13,5.0
24694,2025-12-16,15.0
24694,2025-12-17,30.0
24694,2025-12-20,30.0
24694,2025-12-21,26.962978710480762
24694,2025-12-24,8.442776735459663
24694,2025-12-25,23.855144875375327
24694,2025-12-28,15.0
24694,2025-12-29,3.3758439609902475
24695,2025-12-01,27.0
24695,2025-12-03,27.0
24695,2025-12-04,27.0
24695,2025-12-05,27.0
24695,2025-12-07,27.0
24695,2025-12-08,27.0
24695,2025-12-09,27.0
24695,2025-12-11,5.0
24695,2025-12-12,5.0
24695,2025-12-13,5.0
24695,2025-12-15,15.0
24695,2025-12-16,15.0
24695,2025-12-17,15.0
24695,2025-12-20,26.962978710480762
24695,2025-12-21,30.0
24695,2025-12-24,30.0
24695,2025-12-25,30.60740425790385
24700,2025-12-03,27.0
24700,2025-12-04,27.0
24700,2025-12-06,27.0
24700,2025-12-10,27.0
24700,2025-12-11,5.0
24700,2025-12-12,5.0
24700,2025-12-14,27.0
24700,2025-12-15,12.747875354107649
24700,2025-12-18,15.0
24700,2025-12-22,10.324353873720653
24700,2025-12-23,30.0
24700,2025-12-26,24.968883969929728
24700,2025-12-27,10.261973388083863
24701,2025-12-01,27.0
24701,2025-12-02,27.0
24701,2025-12-03,27.0
24701,2025-12-05,27.0
24701,2025-12-06,27.0
24701,2025-12-07,27.0
24701,2025-12-10,15.0
24701,2025-12-11,15.0
24701,2025-12-13,5.0
24701,2025-12-14,15.0
24701,2025-12-15,15.0
24701,2025-12-18,27.0
24701,2025-12-19,30.0
24701,2025-12-22,15.0
24701,2025-12-23,30.0
24701,2025-12-26,30.56371796707797
24701,2025-12-27,15.0
24706,2025-12-01,27.0
24706,2025-12-02,27.0
24706,2025-12-03,27.0
24706,2025-12-05,27.0
24706,2025-12-06,27.0
24706,2025-12-07,27.0
24706,2025-12-10,15.0
24706,2025-12-11,15.0
24706,2025-12-13,5.0
24706,2025-12-14,15.0
24706,2025-12-15,15.0
24706,2025-12-18,27.0
24706,2025-12-19,30.0
24706,2025-12-22,15.0
24706,2025-12-23,30.0
24706,2025-12-26,29.375
24706,2025-12-27,15.0
24712,2025-12-01,20.0
24712,2025-12-04,20.0
24712,2025-12-05,20.0
24712,2025-12-08,20.0
24712,2025-12-09,20.0
24712,2025-12-12,30.0
24712,2025-12-13,30.0
24712,2025-12-16,25.0
24712,2025-12-17,25.0
24712,2025-12-20,26.666666666666664
24712,2025-12-21,30.0
24712,2025-12-24,20.0
24712,2025-12-25,20.0
24712,2025-12-26,30.0
24712,2025-12-28,20.0
24712,2025-12-29,23.5
24715,2025-12-04,27.0
24715,2025-12-05,2.2058823529411766
24715,2025-12-08,27.0
24715,2025-12-09,27.0
24715,2025-12-12,6.152682907568995
24715,2025-12-13,6.152682907568995
24715,2025-12-16,6.373937677053824
24715,2025-12-17,15.0
24715,2025-12-20,15.0
24715,2025-12-21,7.711148905153825
24715,2025-12-24,4.039238315060588
24715,2025-12-25,8.923512747875353
24727,2025-12-01,27.0
24727,2025-12-04,27.0
24727,2025-12-05,27.0
24727,2025-12-08,27.0
24727,2025-12-09,27.0
24727,2025-12-12,5.0
24727,2025-12-13,5.0
24727,2025-12-16,8.604815864022662
24727,2025-12-17,30.0
24727,2025-12-20,15.0
24727,2025-12-21,15.979951863212563
24727,2025-12-24,56.47368083605822
24727,2025-12-25,19.280701754385966
24727,2025-12-28,15.0
24727,2025-12-29,3.7509377344336086
24728,2025-12-01,15.0
24728,2025-12-04,15.0
24728,2025-12-05,15.0
24728,2025-12-06,27.0
24728,2025-12-08,27.0
24728,2025-12-09,15.0
24728,2025-12-10,15.0
24728,2025-12-11,15.0
24728,2025-12-12,5.0
24728,2025-12-13,15.557275541795667
24728,2025-12-16,5.0
24728,2025-12-17,15.0
24728,2025-12-20,15.0
24728,2025-12-21,5.0
24728,2025-12-24,12.272727272727273
24728,2025-12-25,5.0
24729,2025-12-02,27.0
24729,2025-12-03,27.0
24729,2025-12-05,27.0
24729,2025-12-06,27.0
24729,2025-12-07,27.0
24729,2025-12-10,15.0
24729,2025-12-11,15.0
24729,2025-12-13,6.152682907568995
24729,2025-12-14,15.0
24729,2025-12-15,15.0
24729,2025-12-18,15.0
24729,2025-12-19,15.0
24729,2025-12-23,15.0
24729,2025-12-26,8.117364268162614
24729,2025-12-27,15.0
24731,2025-12-01,27.0
24731,2025-12-04,27.0
24731,2025-12-05,27.0
24731,2025-12-08,27.0
24731,2025-12-09,27.0
24731,2025-12-10,17.36842105263158
24731,2025-12-12,5.0
24731,2025-12-13,27.0
24731,2025-12-28,14.823529411764707
24731,2025-12-29,4.3135783945986494
24737,2025-12-02,27.0
24737,2025-12-03,27.0
24737,2025-12-06,15.0
24737,2025-12-07,15.0
24737,2025-12-10,15.0
24737,2025-12-11,10.0
24737,2025-12-14,15.0
24737,2025-12-15,10.0
24737,2025-12-18,15.0
24737,2025-12-19,15.0
24737,2025-12-22,3.894979803808425
24737,2025-12-23,15.0
24737,2025-12-26,5.0
24737,2025-12-27,20.0
24742,2025-12-02,27.0
24742,2025-12-10,27.0
24742,2025-12-11,5.0
24742,2025-12-12,5.0
24742,2025-12-14,27.0
24742,2025-12-15,11.428571428571427
24742,2025-12-18,15.0
24742,2025-12-19,15.0
24742,2025-12-22,5.0
24742,2025-12-23,8.604144923214553
24742,2025-12-26,24.36147971202588
24742,2025-12-27,20.0
24744,2025-12-01,15.0
24744,2025-12-04,27.0
24744,2025-12-05,27.0
24744,2025-12-08,27.0
24744,2025-12-09,27.0
24744,2025-12-10,17.174288179465055
24744,2025-12-12,15.0
24744,2025-12-13,15.0
24744,2025-12-16,15.0
24744,2025-12-17,33.472286911970194
24744,2025-12-20,26.962978710480762
24744,2025-12-21,20.888936131442286
24744,2025-12-24,13.188872353995201
24744,2025-12-25,28.025936161812492
24744,2025-12-28,5.0
24744,2025-12-29,4.3135783945986494
24750,2025-12-01,15.0
24750,2025-12-03,27.0
24750,2025-12-04,10.0
24750,2025-12-05,10.0
24750,2025-12-07,27.0
24750,2025-12-08,15.0
24750,2025-12-09,15.0
24750,2025-12-11,15.0
24750,2025-12-12,20.0
24750,2025-12-13,15.0
24750,2025-12-16,15.0
24750,2025-12-17,15.0
24750,2025-12-20,15.0
24750,2025-12-21,10.0
24750,2025-12-24,10.0
24750,2025-12-25,15.0
24750,2025-12-28,15.0
24751,2025-12-01,15.0
24751,2025-12-04,15.0
24751,2025-12-05,15.0
24751,2025-12-08,15.0
24751,2025-12-09,15.0
24751,2025-12-12,30.0
24751,2025-12-13,15.0
24751,2025-12-16,15.0
24751,2025-12-17,15.0
24751,2025-12-19,15.0
24751,2025-12-20,10.0
24755,2025-12-01,15.0
24755,2025-12-04,10.0
24755,2025-12-05,10.0
24755,2025-12-08,15.0
24755,2025-12-09,15.0
24755,2025-12-12,30.0
24755,2025-12-13,15.0
24755,2025-12-16,15.0
24755,2025-12-17,15.0
24755,2025-12-20,15.0
24755,2025-12-21,15.0
24755,2025-12-24,15.0
24755,2025-12-25,15.0
24755,2025-12-28,15.0
24755,2025-12-29,15.0
24756,2025-12-01,15.0
24756,2025-12-04,15.0
24756,2025-12-05,15.0
24756,2025-12-08,15.0
24756,2025-12-09,15.0
24756,2025-12-12,30.0
24756,2025-12-13,15.0
24756,2025-12-16,15.0
24756,2025-12-17,15.0
24756,2025-12-20,15.0
24756,2025-12-21,15.0
24756,2025-12-24,15.0
24756,2025-12-25,15.0
24756,2025-12-28,15.0
24756,2025-12-29,15.0
24764,2025-12-01,15.0
24764,2025-12-04,15.0
24764,2025-12-05,15.0
24764,2025-12-06,27.0
24764,2025-12-08,15.0
24764,2025-12-09,15.0
24764,2025-12-12,20.0
24764,2025-12-13,10.0
24764,2025-12-16,15.0
24764,2025-12-17,15.0
24764,2025-12-20,15.0
24764,2025-12-21,15.0
24764,2025-12-24,10.0
24764,2025-12-25,15.0
24764,2025-12-28,15.0
24764,2025-12-29,15.0
24765,2025-12-01,15.0
24765,2025-12-03,15.0
24765,2025-12-05,10.0
24765,2025-12-06,27.0
24765,2025-12-08,15.0
24765,2025-12-09,15.0
24765,2025-12-12,30.0
24765,2025-12-13,15.0
24765,2025-12-16,15.0
24765,2025-12-17,15.0
24765,2025-12-20,10.0
24765,2025-12-21,10.0
24776,2025-12-01,15.0
24776,2025-12-04,15.0
24776,2025-12-05,15.0
24776,2025-12-06,27.0
24776,2025-12-08,15.0
24776,2025-12-09,15.0
24776,2025-12-12,15.0
24776,2025-12-13,15.0
24776,2025-12-16,15.0
24776,2025-12-17,15.0
24776,2025-12-20,15.0
24776,2025-12-21,15.0
24776,2025-12-24,15.0
24776,2025-12-25,15.0
24776,2025-12-26,15.0
24776,2025-12-28,15.0
24780,2025-12-07,15.0
24780,2025-12-10,15.0
24780,2025-12-11,15.0
24780,2025-12-14,20.0
24780,2025-12-15,20.0
24780,2025-12-17,15.0
24780,2025-12-18,10.0
24780,2025-12-19,10.0
24780,2025-12-22,12.5
24780,2025-12-23,15.0
24780,2025-12-26,15.0
24780,2025-12-27,15.0
24780,2025-12-30,15.0
24782,2025-12-02,15.0
24782,2025-12-03,15.0
24782,2025-12-06,15.0
24782,2025-12-07,15.0
24782,2025-12-10,15.0
24782,2025-12-11,15.0
24782,2025-12-14,15.0
24782,2025-12-15,15.0
24782,2025-12-18,10.0
24782,2025-12-19,10.0
24782,2025-12-22,15.0
24782,2025-12-23,15.0
24782,2025-12-26,15.0
24782,2025-12-27,15.0
24783,2025-12-02,15.0
24783,2025-12-03,15.0
24783,2025-12-06,15.0
24783,2025-12-07,15.0
24783,2025-12-10,15.0
24783,2025-12-11,30.0
24783,2025-12-14,15.0
24783,2025-12-15,15.0
24783,2025-12-18,15.0
24783,2025-12-19,10.0
24783,2025-12-22,15.0
24784,2025-12-07,15.0
24784,2025-12-10,15.0
24784,2025-12-11,15.0
24784,2025-12-14,15.0
24784,2025-12-15,15.0
24784,2025-12-17,15.0
24784,2025-12-18,10.0
24784,2025-12-19,10.0
24784,2025-12-22,15.0
24784,2025-12-23,15.0
24784,2025-12-26,15.0
24784,2025-12-27,15.0
24785,2025-12-01,10.0
24785,2025-12-04,15.0
24785,2025-12-05,15.0
24785,2025-12-08,15.0
24785,2025-12-09,15.0
24785,2025-12-12,15.0
24785,2025-12-13,10.0
24785,2025-12-16,15.0
24785,2025-12-17,10.0
24785,2025-12-20,15.0
24785,2025-12-21,10.0
24785,2025-12-29,10.0
24791,2025-12-02,15.0
24791,2025-12-03,15.0
24791,2025-12-06,15.0
24791,2025-12-07,15.0
24791,2025-12-10,15.0
24791,2025-12-11,10.0
24791,2025-12-14,10.0
24791,2025-12-15,15.0
24791,2025-12-18,15.0
24791,2025-12-19,10.0
24791,2025-12-22,15.0
24791,2025-12-23,15.0
24791,2025-12-26,15.0
24791,2025-12-27,15.0
24792,2025-12-02,12.5
24792,2025-12-04,27.0
24792,2025-12-05,27.0
24792,2025-12-06,15.0
24792,2025-12-07,15.0
24792,2025-12-10,15.0
24792,2025-12-11,12.5
24792,2025-12-14,21.0
24792,2025-12-15,21.0
24792,2025-12-17,15.0
24792,2025-12-18,15.0
24792,2025-12-19,15.0
24792,2025-12-23,15.0
24792,2025-12-26,15.0
24792,2025-12-27,15.0
24852,2025-12-01,15.0
24852,2025-12-04,15.0
24852,2025-12-05,15.0
24852,2025-12-08,15.0
24852,2025-12-09,10.0
24852,2025-12-12,15.0
24852,2025-12-13,10.0
24852,2025-12-16,10.0
24852,2025-12-17,15.0
24852,2025-12-20,15.0
24852,2025-12-21,15.0
24852,2025-12-24,15.0
24852,2025-12-25,15.0
24852,2025-12-28,15.0
24852,2025-12-29,15.0
24853,2025-12-01,15.0
24853,2025-12-04,10.0
24853,2025-12-05,15.0
24853,2025-12-08,15.0
24853,2025-12-09,15.0
24853,2025-12-12,15.0
24853,2025-12-13,15.0
24853,2025-12-16,15.0
24853,2025-12-17,10.0
24853,2025-12-20,10.0
24853,2025-12-21,10.0
24853,2025-12-24,10.0
24853,2025-12-25,15.0
24853,2025-12-28,15.0
24853,2025-12-29,15.0
24854,2025-12-02,10.0
24854,2025-12-03,10.0
24854,2025-12-06,15.0
24854,2025-12-07,15.0
24854,2025-12-10,15.0
24854,2025-12-11,15.0
24854,2025-12-14,15.0
24854,2025-12-15,15.0
24854,2025-12-17,15.0
24854,2025-12-18,15.0
24854,2025-12-19,10.0
24854,2025-12-22,15.0
24854,2025-12-23,15.0
24854,2025-12-26,15.0
24854,2025-12-27,15.0
24855,2025-12-14,15.0
24855,2025-12-15,15.0
24855,2025-12-18,15.0
24855,2025-12-19,15.0
24855,2025-12-22,15.0
24855,2025-12-23,15.0
24855,2025-12-26,15.0
24855,2025-12-27,15.0
24856,2025-12-02,10.0
24856,2025-12-03,10.0
24856,2025-12-06,15.0
24856,2025-12-07,15.0
24856,2025-12-14,15.0
24856,2025-12-15,15.0
24856,2025-12-18,15.0
24856,2025-12-19,15.0
24856,2025-12-22,15.0
24856,2025-12-23,15.0
24856,2025-12-26,15.0
24856,2025-12-27,15.0
24857,2025-12-02,10.0
24857,2025-12-03,15.0
24857,2025-12-06,15.0
24857,2025-12-14,15.0
24857,2025-12-15,15.0
24857,2025-12-18,15.0
24857,2025-12-19,15.0
24857,2025-12-22,15.0
24857,2025-12-23,15.0
24857,2025-12-26,15.0
24857,2025-12-27,15.0
24858,2025-12-01,15.0
24858,2025-12-04,15.0
24858,2025-12-05,15.0
24858,2025-12-08,15.0
24858,2025-12-09,15.0
24858,2025-12-12,15.0
24858,2025-12-13,15.0
24858,2025-12-16,15.0
24858,2025-12-17,20.0
24858,2025-12-20,20.0
24858,2025-12-21,15.0
24858,2025-12-24,15.0
24858,2025-12-25,15.0
24858,2025-12-28,15.0
24858,2025-12-29,15.0
24859,2025-12-02,15.0
24859,2025-12-06,10.0
24859,2025-12-07,10.0
24859,2025-12-10,15.0
24859,2025-12-11,15.0
24859,2025-12-14,15.0
24859,2025-12-15,15.0
24861,2025-12-02,10.0
24861,2025-12-03,10.0
24861,2025-12-06,15.0
24861,2025-12-07,15.0
24861,2025-12-10,15.0
24861,2025-12-11,20.0
24861,2025-12-14,15.0
24861,2025-12-15,10.0
24861,2025-12-18,15.0
24861,2025-12-19,15.0
24861,2025-12-21,15.0
24861,2025-12-22,10.0
24861,2025-12-23,15.0
24861,2025-12-26,15.0
24861,2025-12-27,15.0
24864,2025-12-04,10.0
24864,2025-12-05,15.0
24864,2025-12-08,15.0
24864,2025-12-09,15.0
24864,2025-12-12,15.0
24864,2025-12-13,15.0
24864,2025-12-16,10.0
24864,2025-12-17,10.0
24864,2025-12-20,10.0
24864,2025-12-21,15.0
24864,2025-12-24,15.0
24864,2025-12-25,15.0
24864,2025-12-28,15.0
24864,2025-12-29,15.0
24866,2025-12-02,15.0
24866,2025-12-03,15.0
24866,2025-12-06,15.0
24866,2025-12-07,15.0
24866,2025-12-08,15.0
24866,2025-12-10,10.0
24866,2025-12-11,15.0
24866,2025-12-14,10.0
24866,2025-12-15,20.0
24866,2025-12-18,15.0
24866,2025-12-19,10.0
24866,2025-12-22,15.0
24866,2025-12-23,27.0
24866,2025-12-26,15.0
24866,2025-12-27,10.0
24867,2025-12-01,15.0
24867,2025-12-04,15.0
24867,2025-12-05,10.0
24867,2025-12-08,15.0
24867,2025-12-09,15.0
24867,2025-12-12,15.0
24867,2025-12-13,15.0
24867,2025-12-16,15.0
24867,2025-12-17,10.0
24867,2025-12-20,15.0
24867,2025-12-21,10.0
24867,2025-12-24,10.0
24867,2025-12-25,15.0
24867,2025-12-28,15.0
24867,2025-12-29,15.0
24868,2025-12-01,15.0
24868,2025-12-04,10.0
24868,2025-12-05,10.0
24868,2025-12-08,15.0
24868,2025-12-09,15.0
24868,2025-12-12,15.0
24868,2025-12-13,15.0
24868,2025-12-16,15.0
24868,2025-12-17,20.0
24868,2025-12-20,20.0
24868,2025-12-24,10.0
24868,2025-12-25,15.0
24868,2025-12-28,15.0
24868,2025-12-29,10.0
24871,2025-12-02,10.0
24871,2025-12-03,10.0
24871,2025-12-06,15.0
24871,2025-12-07,15.0
24871,2025-12-10,15.0
24871,2025-12-11,15.0
24871,2025-12-14,15.0
24871,2025-12-15,15.0
24871,2025-12-18,15.0
24871,2025-12-19,15.0
24871,2025-12-22,10.0
24871,2025-12-23,27.0
24871,2025-12-26,15.0
24871,2025-12-27,10.0
24871,2025-12-29,15.0
24877,2025-12-01,15.0
24877,2025-12-04,15.0
24877,2025-12-05,15.0
24877,2025-12-08,15.0
24877,2025-12-09,15.0
24877,2025-12-12,15.0
24877,2025-12-13,15.0
24877,2025-12-16,15.0
24877,2025-12-17,20.0
24877,2025-12-20,20.0
24877,2025-12-21,15.0
24877,2025-12-24,15.0
24877,2025-12-25,15.0
24877,2025-12-28,15.0
24877,2025-12-29,15.0
24878,2025-12-01,15.0
24878,2025-12-04,15.0
24878,2025-12-05,10.0
24878,2025-12-08,15.0
24878,2025-12-09,15.0
24878,2025-12-12,15.0
24878,2025-12-13,15.0
24878,2025-12-16,10.0
24878,2025-12-17,15.0
24878,2025-12-20,15.0
24878,2025-12-21,15.0
24878,2025-12-24,15.0
24878,2025-12-25,15.0
24878,2025-12-28,15.0
24878,2025-12-29,15.0
24882,2025-12-01,15.0
24882,2025-12-04,10.0
24882,2025-12-05,15.0
24882,2025-12-08,15.0
24882,2025-12-09,15.0
24882,2025-12-12,15.0
24882,2025-12-13,15.0
24882,2025-12-16,15.0
24882,2025-12-17,15.0
24882,2025-12-20,10.0
24882,2025-12-21,10.0
24882,2025-12-24,10.0
24882,2025-12-25,15.0
24882,2025-12-28,10.0
24882,2025-12-29,10.0
24883,2025-12-01,15.0
24883,2025-12-04,15.0
24883,2025-12-05,15.0
24883,2025-12-08,15.0
24883,2025-12-09,15.0
24883,2025-12-12,15.0
24883,2025-12-13,15.0
24883,2025-12-16,15.0
24883,2025-12-17,15.0
24883,2025-12-20,15.0
24883,2025-12-21,10.0
24883,2025-12-24,15.0
24883,2025-12-25,15.0
24883,2025-12-28,15.0
24883,2025-12-29,15.0
24886,2025-12-01,15.0
24886,2025-12-03,10.0
24886,2025-12-04,10.0
24886,2025-12-05,10.0
24886,2025-12-06,15.0
24886,2025-12-08,10.0
24886,2025-12-09,10.0
24886,2025-12-12,15.0
24886,2025-12-13,15.0
24886,2025-12-14,15.0
24886,2025-12-16,15.0
24886,2025-12-17,15.0
24886,2025-12-20,10.0
24886,2025-12-21,15.0
24886,2025-12-24,15.0
24898,2025-12-04,15.0
24898,2025-12-05,15.0
24898,2025-12-08,15.0
24898,2025-12-09,15.0
24898,2025-12-12,15.0
24898,2025-12-13,15.0
24898,2025-12-16,15.0
24898,2025-12-17,20.0
24898,2025-12-20,20.0
24898,2025-12-21,15.0
24898,2025-12-24,15.0
24898,2025-12-25,10.0
24898,2025-12-28,15.0
24898,2025-12-29,15.0
24902,2025-12-18,15.0
24904,2025-12-19,15.0
9020001,2025-12-02,18.5
9020001,2025-12-03,18.5
9020001,2025-12-05,21.0
9020001,2025-12-06,21.0
9020001,2025-12-07,21.0
9020001,2025-12-10,21.0
9020001,2025-12-12,21.0
9020001,2025-12-13,21.0
9020001,2025-12-14,21.0
9020001,2025-12-15,21.0
9020001,2025-12-18,21.0
9020001,2025-12-20,21.0
9020001,2025-12-21,21.0
9020001,2025-12-22,21.0
9020001,2025-12-24,21.0
9020001,2025-12-28,21.0
9020001,2025-12-30,27.0
9020004,2025-12-01,15.0
9020004,2025-12-04,15.0
9020004,2025-12-05,15.0
9020004,2025-12-09,15.0
9020004,2025-12-10,15.0
9020004,2025-12-12,15.0
9020004,2025-12-13,15.0
9020004,2025-12-16,15.0
9020004,2025-12-19,15.0
9020004,2025-12-20,15.0
9020004,2025-12-22,15.0
9020004,2025-12-24,15.0
9020004,2025-12-25,15.0
9020004,2025-12-29,15.0
9020014,2025-12-02,15.0
9020014,2025-12-03,15.0
9020014,2025-12-04,15.0
9020014,2025-12-06,15.0
9020014,2025-12-07,15.0
9020014,2025-12-09,15.0
9020014,2025-12-11,15.0
9020014,2025-12-14,15.0
9020014,2025-12-15,15.0
9020014,2025-12-16,15.0
9020014,2025-12-18,15.0
9020014,2025-12-19,15.0
9020014,2025-12-21,15.0
9020014,2025-12-23,15.0
9020014,2025-12-24,15.0
9020014,2025-12-26,15.0
9020014,2025-12-28,15.0
9020024,2025-12-01,21.0
9020024,2025-12-02,15.0
9020024,2025-12-03,15.0
9020024,2025-12-04,21.0
9020024,2025-12-07,15.0
9020024,2025-12-09,21.0
9020024,2025-12-11,21.0
9020024,2025-12-12,15.0
9020024,2025-12-13,15.0
9020024,2025-12-15,15.0
9020024,2025-12-16,21.0
9020024,2025-12-19,21.0
9020024,2025-12-20,15.0
9020024,2025-12-23,21.0
9020024,2025-12-24,15.0
9020024,2025-12-26,21.0
9020024,2025-12-28,15.0
9020090,2025-12-01,15.0
9020090,2025-12-03,15.0
9020090,2025-12-10,15.0
9020090,2025-12-11,15.0
9020090,2025-12-12,15.0
9020090,2025-12-13,15.0
9020090,2025-12-18,15.0
9020090,2025-12-24,15.0
9020090,2025-12-25,15.0
9020105,2025-12-01,15.0
9020105,2025-12-02,15.0
9020105,2025-12-06,15.0
9020105,2025-12-07,15.0
9020105,2025-12-10,15.0
9020105,2025-12-13,15.0
9020105,2025-12-14,15.0
9020105,2025-12-18,15.0
9020105,2025-12-19,15.0
9020105,2025-12-22,15.0
9020105,2025-12-23,27.0
9020105,2025-12-25,15.0
9020105,2025-12-26,10.0
9020105,2025-12-29,15.0
9020109,2025-12-04,15.0
9020109,2025-12-06,15.0
9020109,2025-12-07,15.0
9020109,2025-12-10,15.0
9020109,2025-12-11,15.0
9020109,2025-12-13,15.0
9020109,2025-12-14,15.0
9020109,2025-12-15,15.0
9020109,2025-12-18,15.0
9020109,2025-12-19,15.0
9020109,2025-12-21,15.0
9020109,2025-12-22,15.0
9020109,2025-12-25,21.0
9020109,2025-12-28,15.0
9020109,2025-12-29,21.0
9020114,2025-12-02,15.0
9020114,2025-12-03,15.0
9020114,2025-12-04,15.0
9020114,2025-12-07,15.0
9020114,2025-12-14,20.0
9020114,2025-12-19,15.0
9020114,2025-12-23,15.0
9020114,2025-12-25,15.0
9020114,2025-12-26,15.0
9020114,2025-12-28,15.0
9020115,2025-12-01,15.0
9020115,2025-12-02,15.0
9020115,2025-12-03,15.0
9020115,2025-12-06,15.0
9020115,2025-12-09,15.0
9020115,2025-12-10,15.0
9020115,2025-12-11,15.0
9020115,2025-12-13,15.0
9020115,2025-12-14,15.0
9020115,2025-12-16,15.0
9020115,2025-12-18,15.0
9020115,2025-12-21,15.0
9020115,2025-12-22,15.0
9020115,2025-12-23,15.0
9020115,2025-12-25,15.0
9020115,2025-12-26,15.0
9020118,2025-12-01,15.0
9020118,2025-12-02,15.0
9020118,2025-12-03,15.0
9020118,2025-12-04,15.0
9020118,2025-12-06,15.0
9020118,2025-12-07,15.0
9020118,2025-12-09,15.0
9020118,2025-12-11,15.0
9020118,2025-12-12,15.0
9020118,2025-12-13,15.0
9020118,2025-12-15,15.0
9020118,2025-12-16,15.0
9020118,2025-12-19,15.0
9020118,2025-12-21,15.0
9020118,2025-12-23,15.0
9020118,2025-12-24,15.0
9020118,2025-12-26,15.0
9020118,2025-12-28,15.0
9020118,2025-12-29,15.0
9020171,2025-12-01,15.0
9020171,2025-12-03,15.0
9020171,2025-12-06,15.0
9020171,2025-12-07,15.0
9020171,2025-12-10,15.0
9020171,2025-12-11,15.0
9020171,2025-12-14,20.0
9020171,2025-12-15,20.0
9020171,2025-12-18,15.0
9020171,2025-12-19,15.0
9020171,2025-12-22,15.0
9020171,2025-12-23,27.0
9020171,2025-12-26,15.0
9020177,2025-12-03,15.0
9020177,2025-12-04,15.0
9020177,2025-12-06,15.0
9020177,2025-12-07,15.0
9020177,2025-12-09,15.0
9020177,2025-12-10,15.0
9020177,2025-12-11,30.0
9020177,2025-12-14,15.0
9020177,2025-12-15,15.0
9020177,2025-12-18,15.0
9020177,2025-12-19,15.0
9020177,2025-12-22,15.0
9020177,2025-12-23,15.0
9020177,2025-12-26,15.0
9020177,2025-12-29,15.0
9020180,2025-12-01,15.0
9020180,2025-12-02,15.0
9020180,2025-12-06,15.0
9020180,2025-12-10,15.0
9020180,2025-12-14,15.0
9020180,2025-12-18,15.0
9020180,2025-12-22,15.0
9020180,2025-12-25,15.0
9020180,2025-12-29,15.0
9020182,2025-12-02,15.0
9020182,2025-12-03,15.0
9020182,2025-12-04,15.0
9020182,2025-12-06,15.0
9020182,2025-12-07,15.0
9020182,2025-12-10,15.0
9020182,2025-12-14,15.0
9020182,2025-12-15,15.0
9020182,2025-12-16,15.0
9020182,2025-12-19,15.0
9020182,2025-12-21,15.0
9020182,2025-12-22,10.0
9020182,2025-12-23,27.0
9020182,2025-12-24,15.0
9020182,2025-12-26,15.0
9020182,2025-12-28,15.0
9020182,2025-12-29,15.0
9020186,2025-12-01,15.0
9020186,2025-12-04,15.0
9020186,2025-12-05,15.0
9020186,2025-12-09,15.0
9020186,2025-12-11,15.0
9020186,2025-12-15,15.0
9020186,2025-12-16,15.0
9020186,2025-12-20,15.0
9020186,2025-12-24,15.0
9020186,2025-12-25,15.0
9020186,2025-12-26,15.0
9020186,2025-12-29,15.0
9020187,2025-12-01,15.0
9020187,2025-12-02,15.0
9020187,2025-12-04,15.0
9020187,2025-12-05,15.0
9020187,2025-12-09,15.0
9020187,2025-12-11,15.0
9020187,2025-12-12,30.0
9020187,2025-12-15,15.0
9020187,2025-12-16,15.0
9020187,2025-12-22,15.0
9020187,2025-12-23,15.0
9020187,2025-12-25,15.0
